hippo_id,smiles,inchikey,required_amount_mg,num_poses,poses,tags,num_routes,num_reaction_steps,reaction_dependencies,reactant_dependencies,chemistry_types,scaffold_series
93,CCc1nc(NC(=O)c2ccnc(NC3CC=CC3)c2)no1,WXVLITNXXROEMR-UHFFFAOYSA-N,1,1,{6297},"['JA', 'SeeSAR', 'Syndirella base', 'merge', 'raw', 'fragmenstein', 'pure_merges']",1,{1},[103],"{4554, 85}",Buchwald-Hartwig_amidation_with_amide-like_nucleophile,[93]
95,O=c1ccncn1CC1CCS(=O)(=O)C1,UGYMLSSIEIESGU-UHFFFAOYSA-N,1,0,set(),"['SeeSAR', 'Syndirella base', 'JA', 'merge']",1,{1},[29],"{4466, 4467}",Nucleophilic_substitution_with_amine,[95]
104,Cn1c(N)nc2cccc(NCc3cccs3)c21,DGASNXVGKHJXGC-UHFFFAOYSA-N,1,1,{6278},"['SeeSAR', 'Syndirella base', 'DF', 'merge', 'raw', 'arg144_pures', 'fragmenstein', 'pure_merges']",1,{1},[82],"{4440, 4530}",Buchwald-Hartwig_amination,[104]
796,Nc1cc(-c2cc[nH]n2)cc2c1OCO2,RGWZNWCCBDMABV-UHFFFAOYSA-N,1,0,set(),"['Syndirella base', 'raw', 'arg144_pures', 'fragmenstein', 'pure_merges']",1,{1},[37],"{4480, 4445}",Sp2-sp2_Suzuki_coupling,[796]
1001,COC(=O)c1cnc2[nH]cc(C)cc1-2,QZVYQICELPCZOV-UHFFFAOYSA-N,1,0,set(),"['raw', 'fragmenstein', 'Syndirella base', 'pure_merges']",1,{1},[94],"{4545, 4546}",Steglich_esterification,[1001]
1128,CC(C)c1cccc2[nH]cnc12,DZVXXHSUENHLJH-UHFFFAOYSA-N,1,0,set(),"['raw', 'fragmenstein', 'Syndirella base', 'pure_merges']",1,{1},[105],"{4557, 4558}",Sp3-sp2_Suzuki_coupling,[1128]
1316,CC1CN(C(=O)c2cccc(F)c2)CCN1,GEKAQEZWMKZGCA-UHFFFAOYSA-N,1,0,set(),"['raw', 'fragmenstein', 'Syndirella base', 'pure_merges']",1,{1},[85],"{4534, 4535}",Amidation,[1316]
1473,CC(C)(C)c1cnc2ccccc2n1,MMXSHBZOILNLPJ-UHFFFAOYSA-N,1,1,{6276},"['Syndirella base', 'raw', 'arg144_pures', 'fragmenstein', 'pure_merges']",1,{1},[61],"{4505, 4507}",Sp3-sp2_Suzuki_coupling,[1473]
1917,CCc1nc(Cn2ccc(Br)cc2=O)no1,QQERROZMPKKQER-UHFFFAOYSA-N,1,1,{6251},"['raw', 'fragmenstein', 'Syndirella base', 'pure_merges']",1,{1},[33],"{4472, 84}",Nucleophilic_substitution_with_amine,[1917]
2916,COCC(=O)Nc1cccc(C(=O)NCc2cccs2)c1,QVSYFXSEJNFZKD-UHFFFAOYSA-N,1,0,set(),"['raw', 'fragmenstein', 'Syndirella base', 'arg144_pures']",1,{1},[17],"{4449, 4450}",Amidation,[2916]
2925,Cc1cccc(O)c1Nc1ccccc1,XQWKZXHQRAAZAF-UHFFFAOYSA-N,1,0,set(),"['raw', 'fragmenstein', 'Syndirella base', 'arg144_pures']",1,{1},[108],"{4451, 4439}",Buchwald-Hartwig_amination,[2925]
3284,Oc1cc2c(cc1-c1ccn[nH]1)OCO2,DETJXFSIQJPJAJ-UHFFFAOYSA-N,1,0,set(),"['raw', 'fragmenstein', 'Syndirella base', 'arg144_pures']",1,{1},[14],"{4444, 4445}",Sp2-sp2_Suzuki_coupling,[3284]
3624,COCC(=O)Nc1ccc(O)cc1N,XMHJIXAUMMKGLT-UHFFFAOYSA-N,1,0,set(),"['raw', 'fragmenstein', 'Syndirella base', 'arg144_pures']",1,{1},[35],"{4476, 4477}",Buchwald-Hartwig_amidation_with_amide-like_nucleophile,[3624]
3625,Cc1cccc(O)c1Nc1ccc(O)cc1,JXRCCCJCUJURBQ-UHFFFAOYSA-N,1,1,{104911},"['raw', 'fragmenstein', 'Syndirella base', 'arg144_pures']",1,{1},[18],"{4451, 4452}",Buchwald-Hartwig_amination,[2925]
3628,Oc1ccc(Nc2ccncc2O)cc1,MIMRXPBJLOWRMN-UHFFFAOYSA-N,1,0,set(),"['raw', 'fragmenstein', 'Syndirella base', 'arg144_pures']",1,{1},[43],"{4483, 4452}",Buchwald-Hartwig_amination,[3628]
76982,O=C(Nc1noc(C2CC2)n1)c1ccnc(NC2CC=CC2)c1,RVONYHCTWCRDJF-UHFFFAOYSA-N,1,1,{98837},[],1,{1},[63375],"{85, 76981}",Buchwald-Hartwig_amidation_with_amide-like_nucleophile,[93]
76984,CC(C)c1nc(NC(=O)c2ccnc(NC3CC=CC3)c2)no1,QYWGYJFOJRFRHH-UHFFFAOYSA-N,1,1,{98838},[],1,{1},[63376],"{85, 76983}",Buchwald-Hartwig_amidation_with_amide-like_nucleophile,[93]
76990,O=C(Nc1noc(C2CCC2)n1)c1ccnc(NC2CC=CC2)c1,SFDTUZQHZKCPRN-UHFFFAOYSA-N,1,1,{98841},[],1,{1},[63379],"{85, 76989}",Buchwald-Hartwig_amidation_with_amide-like_nucleophile,[93]
76994,CC1(c2nc(NC(=O)c3ccnc(NC4CC=CC4)c3)no2)CCOC1,KDAPNLCPIPSDQD-UHFFFAOYSA-N,1,2,"{98843, 98844}",[],1,{1},[63381],"{76993, 85}",Buchwald-Hartwig_amidation_with_amide-like_nucleophile,[93]
76996,COC1(c2nc(NC(=O)c3ccnc(NC4CC=CC4)c3)no2)CCOC1,LRNNKMIDGWTQJR-UHFFFAOYSA-N,1,2,"{98845, 98846}",[],1,{1},[63382],"{76995, 85}",Buchwald-Hartwig_amidation_with_amide-like_nucleophile,[93]
26028,Cn1cc(C(=O)NCC2CCN2)c2ccc(Cl)cc21,GUEYISDIIKIXDE-UHFFFAOYSA-N,1,2,"{28182, 28183}",[],1,{1},[18193],"{13585, 4462}",Amidation,[2188]
72993,COc1cc(N)ccc1C(=O)Nc1ccc2c(c1)CCO2,LSOSVLWFXBHXHY-UHFFFAOYSA-N,1,1,{93994},[],1,{1},[59396],"{72797, 16805}",Ester_amidation,[3627]
41570,Cc1cc(Nc2c(O)cncc2F)cc(C)c1O,OZRGVYLXKNBQFI-UHFFFAOYSA-N,1,1,{47583},[],1,{1},[30896],"{40866, 16834}",Buchwald-Hartwig_amination,[3628]
48282,COC(=O)C(=O)Nc1ccc(O)c(C#N)c1N1C(=O)CNC1=O,YAUPXNVPJZTWJJ-UHFFFAOYSA-N,1,1,{53726},[],1,{2},"[37113, 37169]","{48280, 4497, 14487}","Amidation, N-nucleophilic_aromatic_substitution",[3611]
42318,COc1cnc(Nc2ccc(O)cc2SC)cc1Br,KYZXOLDYLRMNMH-UHFFFAOYSA-N,1,1,{48314},[],1,{1},[32009],"{10364, 40927}",Buchwald-Hartwig_amination,[3628]
77343,CCOc1cccc(CC(=O)Nc2c(C)cc(C)nc2N)n1,VJSOKNLFXQRYQN-UHFFFAOYSA-N,1,1,{99664},[],1,{1},[63716],"{37753, 77003}",Amidation,[1012]
20036,COc1cc(Br)cc(CO)c1Nc1ccc(O)cc1[N+](=O)[O-],WONKJKGCDNOYCY-UHFFFAOYSA-N,1,1,{21169},[],1,{1},[12271],"{16954, 17246}",Buchwald-Hartwig_amination,[3625]
70808,O=C(Nc1ccc(Br)c(Cl)c1Cl)c1cc(Cl)c2nc(O)[nH]c2c1,PXXVQNRSZJDCQK-UHFFFAOYSA-N,1,1,{91579},[],1,{1},[57229],"{10944, 68261}",Amidation,[2919]
45998,CSc1cc(O)ccc1Nc1c(O)cnc2ccccc12,IOGSJGARNNJYGV-UHFFFAOYSA-N,1,1,{51969},[],1,{1},[35479],"{10364, 42199}",Buchwald-Hartwig_amination,[3628]
41729,COc1cc(Br)c(Nc2ccncc2O)cc1F,QZCZJCYJDSWJBV-UHFFFAOYSA-N,1,1,{47740},[],1,{1},[31054],"{4483, 17238}",Buchwald-Hartwig_amination,[3628]
87296,Cc1cc(NC(=O)COCCO)c(N)cc1Cl,GCDJWZNHDYAHNW-UHFFFAOYSA-N,1,1,{112676},[],1,{1},[73867],"{10154, 86571}",Ester_amidation,[2924]
79078,Cn1c(Cl)nc2c(C3CCOC3)cccc21,FOCPTZRNNDZANF-UHFFFAOYSA-N,1,2,"{102129, 102130}",[],1,{1},[65479],"{78851, 78631}",Sp3-sp2_Suzuki_coupling,[1128]
71824,Cn1c(=O)[nH]c2cc(C(=O)Nc3ccc4[nH]ncc4c3)cc(Cl)c21,YBRAGLUYERRLSZ-UHFFFAOYSA-N,1,1,{92761},[],1,{1},[58245],"{10770, 68670}",Amidation,[2919]
12661,NC(=O)c1cc(Cl)c(C(=O)Nc2cccc(OC(F)F)c2)c(Cl)c1,MWFAJXAHMFCRES-UHFFFAOYSA-N,1,1,{14220},[],1,{1},[6353],"{4579, 11765}",Amidation,[2944]
87306,Nc1c(O)cccc1NC(=O)C1OCCNC1=O,OJPSZTRAVHUUHL-UHFFFAOYSA-N,1,1,{112685},[],1,{1},[73876],"{87305, 8692}",Ester_amidation,[2924]
87084,Nc1cc(I)c(Cl)cc1NC(=O)COCCCl,WOLALUBCYSBPOY-UHFFFAOYSA-N,1,1,{112459},[],1,{1},[73632],"{10160, 86597}",Ester_amidation,[2924]
41967,Oc1ccc(Nc2cncc(O)c2Br)c(Br)c1Cl,OXNYIYHUFOZLHP-UHFFFAOYSA-N,1,1,{47972},[],1,{1},[31289],"{10240, 40872}",Buchwald-Hartwig_amination,[3628]
77233,COc1ccc2c(n1)C(C(=O)Nc1cnccc1C=O)CC2,VIJHPZZSSIQHNI-UHFFFAOYSA-N,1,2,"{99389, 99390}",[],1,{1},[63608],"{37563, 77054}",Amidation,[1012]
88137,COC(C)(C(=O)O)C(=O)Nc1cc(Br)ccc1N,WUZFKIXWAPWHNT-UHFFFAOYSA-N,1,2,"{113712, 113711}",[],1,{1},[74712],"{8673, 80778}",Ester_amidation,[2924]
29491,CC(=O)c1cc(=O)[nH]c(=O)n1CC1CCS(=O)(=O)C1,ZHZYDIHQAFIRHG-UHFFFAOYSA-N,1,2,"{31832, 31833}",[],1,{1},[21169],"{4466, 29490}",Nucleophilic_substitution_with_amine,[95]
43055,COc1cc(F)c(Nc2c(O)cncc2Cl)cc1Cl,DOIDUMRWMOTCFK-UHFFFAOYSA-N,1,1,{49045},[],1,{1},[32411],"{40872, 17214}",Buchwald-Hartwig_amination,[3628]
53948,Brc1nc2ccccc2nc1C12CC(C3CCCC3)(C1)C2,PCKGBOWJGCPXPX-UHFFFAOYSA-N,1,1,{66463},[],1,{1},[42270],"{53784, 52777}",Sp3-sp2_Suzuki_coupling,[1473]
53026,OCCC1(c2nc3ccccc3nc2Br)CC1,ISLBTTYBQSBXAF-UHFFFAOYSA-N,1,1,{65083},[],1,{1},[41321],"{52777, 52914}",Sp3-sp2_Suzuki_coupling,[1473]
9936,NC(=O)c1cc(Cl)c(C(=O)Nc2cc(Cl)ccc2Cl)c(Cl)c1,WQTPYAHOMBDAHE-UHFFFAOYSA-N,1,1,{12268},[],1,{1},[4417],"{8993, 4579}",Amidation,[2944]
71125,Cn1c(=O)[nH]c2cc(C(=O)Nc3ccc(F)cc3I)cc(Cl)c21,XFSUHKJPCLBQRD-UHFFFAOYSA-N,1,1,{92031},[],1,{1},[57546],"{9026, 68670}",Amidation,[2919]
30204,O=c1c(C2CCC2)cnc(S)n1CC1CCS(=O)(=O)C1,DGQOOBMWKUHKDC-UHFFFAOYSA-N,1,1,{32505},[],1,{1},[21557],"{4466, 30203}",Nucleophilic_substitution_with_amine,[95]
88263,Nc1c(F)ccc(F)c1NC(=O)C1CNCCO1,GKYZUZACXFPWCY-UHFFFAOYSA-N,1,2,"{113846, 113847}",[],1,{1},[74837],"{10131, 86797}",Ester_amidation,[2924]
19130,COc1cc(Nc2ccc(O)cc2SC)cc(CO)c1I,FFNOBQXYFAIIIU-UHFFFAOYSA-N,1,1,{20267},[],1,{1},[11369],"{16954, 10364}",Buchwald-Hartwig_amination,[3625]
11832,COc1cc(F)cc(NC(=O)c2c(Cl)cc(C(N)=O)cc2Cl)c1,FVEMIBNPGZYBBW-UHFFFAOYSA-N,1,1,{13598},[],1,{1},[5739],"{4579, 10812}",Amidation,[2944]
26901,Cn1ccc(CNC(=O)c2cn(C)c3cc(Cl)ccc23)n1,QTNNNFRSKLYFKU-UHFFFAOYSA-N,1,1,{29322},[],1,{1},[19066],"{14090, 4462}",Amidation,[2188]
71725,COc1ccc(NC(=O)c2cc(Cl)c3c(c2)[nH]c(=O)n3C)c(Br)c1,HUMKDTXNDPRYGV-UHFFFAOYSA-N,1,1,{92646},[],1,{1},[58146],"{10824, 68670}",Amidation,[2919]
78880,Cn1cnc2cccc(C3CC3(C)C)c21,SLYHQCIYLUPBOA-UHFFFAOYSA-N,1,1,{101875},[],1,{1},[65257],"{78582, 54254}",Sp3-sp2_Suzuki_coupling,[1128]
71166,Cc1cc(F)ccc1NC(=O)c1cc(Cl)c2c(c1)[nH]c(=O)n2C,UDTBBONDMABSEF-UHFFFAOYSA-N,1,1,{92072},[],1,{1},[57587],"{9052, 68670}",Amidation,[2919]
45030,COc1cncc(F)c1Nc1cc(C)c(OC)c(C)c1,UOOIIIQXRNWWTD-UHFFFAOYSA-N,1,1,{51003},[],1,{1},[34513],"{12012, 40982}",Buchwald-Hartwig_amination,[3628]
6524,CCOc1nc(Cl)ccc1C(=O)N1CCc2nc(O)c(C(N)=O)cc2C1,YXEVNELPDZXYRA-UHFFFAOYSA-N,1,1,{8708},[],1,{1},[1864],"{6248, 5801}",Amidation,[653]
88817,CN(C(=O)C1(CN)CCCO1)c1cccc(Br)c1N,LNFYLCMJCHFIRH-UHFFFAOYSA-N,1,1,{114479},[],1,{1},[75382],"{86282, 87483}",Ester_amidation,[2924]
53056,CC1(C)CC1(C)c1cnc2c(F)cccc2n1,WEMAMEZFHHEZDI-UHFFFAOYSA-N,1,2,"{65122, 65123}",[],1,{1},[41353],"{52908, 52788}",Sp3-sp2_Suzuki_coupling,[1473]
79993,Cn1c(N)nc2cccc(C(C)(C)C3CC3)c21,AVZSPSRBNJYHEK-UHFFFAOYSA-N,1,1,{103432},[],1,{1},[66450],"{52920, 4530}",Sp3-sp2_Suzuki_coupling,[1128]
89352,COC(C)(C(=O)O)C(=O)Nc1cc(C)c(F)cc1N,BHJNNOLNUWTRDK-UHFFFAOYSA-N,1,2,"{115234, 115235}",[],1,{1},[76061],"{10960, 80778}",Ester_amidation,[2924]
87731,Nc1ccc(Br)c(O)c1NC(=O)COCCCBr,WHYBVIKFJCREMW-UHFFFAOYSA-N,1,1,{113210},[],1,{1},[74306],"{10330, 86686}",Ester_amidation,[2924]
10022,NC(=O)c1cc(Cl)c(C(=O)Nc2c(O)cccc2Br)c(Cl)c1,VKBULLRWWDQECA-UHFFFAOYSA-N,1,1,{12354},[],1,{1},[4503],"{9266, 4579}",Amidation,[2944]
86279,Cc1cc(NC(=O)C2CO2)c(N)cc1Br,QZGCJUWWWQCQFQ-UHFFFAOYSA-N,1,2,"{111450, 111451}",[],1,{1},[72736],"{86242, 10157}",Ester_amidation,[2924]
8248,COc1sc(CN(CC(O)CO)C(=O)c2cc(Br)nn2C)cc1Br,PVIMVDAEIOEXPJ-UHFFFAOYSA-N,1,1,{11142},[],1,{1},[3326],"{8243, 7933}",Ester_amidation,[1192]
77584,CCOc1cccc(CC(=O)Nc2c(C(N)=O)ccnc2Cl)n1,JELULYXEMYQADH-UHFFFAOYSA-N,1,1,{100012},[],1,{1},[63957],"{37819, 77003}",Amidation,[1012]
43054,COc1cc(F)c(Nc2cncc(O)c2Br)cc1Cl,NFKTUCNENKSLDW-UHFFFAOYSA-N,1,1,{49044},[],1,{1},[32410],"{40872, 17214}",Buchwald-Hartwig_amination,[3628]
89090,CC1(C(=O)Nc2cc(Br)cc(O)c2N)CNCCO1,SIUHZOBCDYBQPM-UHFFFAOYSA-N,1,1,{114871},[],1,{1},[75727],"{87461, 10327}",Ester_amidation,[2924]
88459,CNc1ccc(Br)cc1NC(=O)C(=O)OC(C)(C)C,BQQVLGKBAFZSLM-UHFFFAOYSA-N,1,1,{114058},[],1,{1},[75892],"{86307, 86549}",Ester_amidation,[2924]
69600,Cc1cccc(NC(=O)c2cc(Cl)c3nc(O)[nH]c3c2)c1O,GRUOTVMDXQINPQ-UHFFFAOYSA-N,1,1,{90142},[],1,{1},[56021],"{9178, 68261}",Amidation,[2919]
64739,CC1CN(C(=O)c2cccc(F)c2N)C(C)(C)CN1,LWPRTRCETORNDY-UHFFFAOYSA-N,1,2,"{81432, 81433}",[],1,{1},[51828],"{11755, 63692}",Amidation,[1316]
71075,O=C(Nc1cc(Cl)c(Cl)cc1Cl)c1cc(Cl)c2nc(O)[nH]c2c1,IDMXEDIUIWDNKT-UHFFFAOYSA-N,1,1,{91981},[],1,{1},[57496],"{10218, 68261}",Amidation,[2919]
14502,C=C(OC)C(=O)Nc1cccc(C(=O)NCc2cccs2)c1,JNAFQHXNLQQKAQ-UHFFFAOYSA-N,1,1,{15549},[],1,{1},[7401],"{4450, 14501}",Amidation,[2916]
8853,NC(=O)c1cc(Cl)c(C(=O)Nc2ccc(O)cc2)c(Cl)c1,QTTZEMRXRKZNQP-UHFFFAOYSA-N,1,1,{11590},[],1,{1},[3740],"{4579, 4452}",Amidation,[2944]
16131,CN(C)c1ccc(C(=O)NCc2cc(Br)cs2)cc1NC(=O)C1CC=CCO1,LPXUOYKYXKYEQI-UHFFFAOYSA-N,1,2,"{17168, 17169}",[],1,{1},[8418],"{15032, 14663}",Amidation,[2916]
78772,CCC(C)c1cccc2c1nc(O)n2C,WZRJGCXJCRYAPZ-UHFFFAOYSA-N,1,2,"{101758, 101759}",[],1,{1},[65140],"{78612, 78623}",Sp3-sp2_Suzuki_coupling,[1128]
7148,CCOc1nc(C(F)(F)F)ccc1C(=O)N1CCCCC1c1ccc(O)nc1,LCPPTYRRUBNQBV-UHFFFAOYSA-N,1,2,"{9445, 9446}",[],1,{1},[2465],"{6089, 6156}",Amidation,[653]
82708,COc1cc(Nc2ccc(F)cc2O)cc(CO)c1I,QNQOAGDSVWREQN-UHFFFAOYSA-N,1,1,{106964},[],1,{1},[69229],"{8969, 16954}",Buchwald-Hartwig_amination,[2925]
42777,COc1ccc(Nc2cncc(OC)c2Br)c(C)c1,FMTYIUNMSJVFBZ-UHFFFAOYSA-N,1,1,{48767},[],1,{1},[32118],"{40914, 16829}",Buchwald-Hartwig_amination,[3628]
87885,Cc1ccc(NC(=O)COCC(=O)O)c(N)c1F,ZWVZWBUSKJMMNB-UHFFFAOYSA-N,1,1,{113393},[],1,{1},[74462],"{11001, 16038}",Ester_amidation,[2924]
89121,Cc1cc(C)c(N)c(NC(=O)C2(C)CNCCO2)c1,UBKDKUVJAWYDOR-UHFFFAOYSA-N,1,2,"{114928, 114929}",[],1,{1},[75758],"{86370, 87461}",Ester_amidation,[2924]
30136,O=c1cc(C(F)(F)F)n(CC2CCS(=O)(=O)C2)c(=O)[nH]1,NUFDODDQUSNCNF-UHFFFAOYSA-N,1,1,{32444},[],1,{1},[21522],"{4466, 30046}",Nucleophilic_substitution_with_amine,[95]
82685,COc1cc(Br)cc(CO)c1Nc1cccc(F)c1F,CGFWGZMMQCLVQG-UHFFFAOYSA-N,1,1,{106937},[],1,{1},[69206],"{16954, 8991}",Buchwald-Hartwig_amination,[2925]
88732,Cc1cc(NC(=O)C2(CN)CCCO2)c(N)cc1F,AZEICTWAONUBGT-UHFFFAOYSA-N,1,2,"{114342, 114343}",[],1,{1},[75299],"{10960, 87483}",Ester_amidation,[2924]
86696,C#CCCOCC(=O)Nc1cc(F)ccc1N,HKZYNRSTEVMYGC-UHFFFAOYSA-N,1,1,{111988},[],1,{1},[73210],"{8757, 86695}",Ester_amidation,[2924]
16370,CCOC1(C(=O)Nc2cc(C(=O)NCc3cc(Br)cs3)ccc2N(C)C)CCC1,UQMVBSSLPHGEIC-UHFFFAOYSA-N,1,1,{17450},[],1,{1},[8603],"{15032, 14863}",Amidation,[2916]
83405,COc1cc(Nc2ccc(O)cc2Cl)cc(CBr)c1I,RWYQTBGMMUPCOW-UHFFFAOYSA-N,1,1,{107726},[],1,{1},[69926],"{9132, 17134}",Buchwald-Hartwig_amination,[2925]
86898,O=C(COCCBr)N1CCNc2ccccc21,YQRJYZKDWYWGJC-UHFFFAOYSA-N,1,1,{112202},[],1,{1},[73430],"{86594, 10147}",Ester_amidation,[2924]
71840,Cc1cc(F)c(Br)cc1NC(=O)c1cc(Cl)c2c(c1)[nH]c(=O)n2C,LAJKLDOSQYKRGK-UHFFFAOYSA-N,1,1,{92777},[],1,{1},[58261],"{10802, 68670}",Amidation,[2919]
54048,Cc1nc2ccccc2nc1C12C3C4C1C1C2C3C41C(=O)O,FDESHHQFFKXAJI-UHFFFAOYSA-N,1,1,{66589},[],1,{1},[42361],"{52795, 53991}",Sp3-sp2_Suzuki_coupling,[1473]
87986,COC(C(=O)O)C(=O)Nc1c(N)ccc(F)c1C,RGGAXAMXBINPFG-UHFFFAOYSA-N,1,2,"{113507, 113508}",[],1,{1},[74562],"{10968, 16017}",Ester_amidation,[2924]
63981,CCC1CN(C(=O)c2cc(F)c(F)cc2O)CCN1,IQVGZTGBBFKEBS-UHFFFAOYSA-N,1,2,"{79774, 79775}",[],1,{1},[51070],"{63593, 63078}",Amidation,[1316]
87168,Cc1cc(NC(=O)COCCO)c(N)cc1F,YRWUZVHFCAJEAM-UHFFFAOYSA-N,1,1,{112547},[],1,{1},[73739],"{10960, 86571}",Ester_amidation,[2924]
87239,Nc1cc(I)c(Cl)cc1NC(=O)COCCO,AZIIJXFZMVZANA-UHFFFAOYSA-N,1,1,{112617},[],1,{1},[73810],"{10160, 86571}",Ester_amidation,[2924]
89093,Cc1cc(NC(=O)C2(C)CNCCO2)c(N)cc1Br,XVCDIAHLSHWJGM-UHFFFAOYSA-N,1,2,"{114876, 114877}",[],1,{1},[75730],"{10157, 87461}",Ester_amidation,[2924]
89098,CC1(C(=O)Nc2cc(Cl)c(I)cc2N)CNCCO1,PCCXKYDZFLXKKH-UHFFFAOYSA-N,1,2,"{114886, 114887}",[],1,{1},[75735],"{10160, 87461}",Ester_amidation,[2924]
40971,Oc1ccc(Nc2cncc(O)c2Br)c(Cl)c1,VFZNMCWZDPJVAO-UHFFFAOYSA-N,1,1,{47007},[],1,{1},[30232],"{40872, 9132}",Buchwald-Hartwig_amination,[3628]
83301,COc1cc(Nc2cccc(F)c2F)cc(CBr)c1I,NNAYVWQZXGCTGH-UHFFFAOYSA-N,1,1,{107609},[],1,{1},[69822],"{17134, 8991}",Buchwald-Hartwig_amination,[2925]
88831,NCC1(C(=O)Nc2ccc(Br)c(O)c2N)CCCO1,KDOLGBFVMWKMLF-UHFFFAOYSA-N,1,2,"{114506, 114507}",[],1,{1},[75396],"{10330, 87483}",Ester_amidation,[2924]
88909,Nc1cc(I)c(Cl)cc1NC(=O)C1OCCNC1=O,KQTVWCDRNOQVNC-UHFFFAOYSA-N,1,2,"{114609, 114610}",[],1,{1},[75475],"{10160, 87305}",Ester_amidation,[2924]
43229,COc1cncc(F)c1Nc1ccc(O)cc1SC,XABQHFIUYGMJCM-UHFFFAOYSA-N,1,1,{49219},[],1,{1},[32585],"{10364, 40982}",Buchwald-Hartwig_amination,[3628]
87705,Cc1ccc(NC(=O)COCCCBr)c(N)c1F,IJDIHSJCMTTXQY-UHFFFAOYSA-N,1,1,{113184},[],1,{1},[74280],"{11001, 86686}",Ester_amidation,[2924]
12332,NC(=O)c1cc(Cl)c(C(=O)Nc2ccc(Br)c(Cl)c2Cl)c(Cl)c1,CKUWHYCUMDEVDK-UHFFFAOYSA-N,1,1,{13978},[],1,{1},[6113],"{10944, 4579}",Amidation,[2944]
19191,COc1cc(Nc2ccc3c(c2)CCO3)cc(CO)c1I,JMZMQZXISAVQJQ-UHFFFAOYSA-N,1,1,{20328},[],1,{1},[11430],"{16954, 16805}",Buchwald-Hartwig_amination,[3625]
43072,COc1c(C)cc(Nc2c(O)cncc2F)cc1C,XBOFVLPMPMRDCG-UHFFFAOYSA-N,1,1,{49062},[],1,{1},[32428],"{40866, 12012}",Buchwald-Hartwig_amination,[3628]
69943,Cn1c(=O)[nH]c2cc(C(=O)Nc3ccc(F)cc3N)cc(Cl)c21,KCPNXXBXGCTVPD-UHFFFAOYSA-N,1,1,{90643},[],1,{1},[56364],"{8757, 68670}",Amidation,[2919]
87600,COC(C(=O)O)C(=O)Nc1c(F)ccc(F)c1N,SNLPJQHLNQBJBW-UHFFFAOYSA-N,1,2,"{113077, 113078}",[],1,{1},[74175],"{16017, 10131}",Ester_amidation,[2924]
89330,COC(C)(C(=O)O)C(=O)Nc1ccc(C)c(F)c1N,VBWCXSLNINFTLN-UHFFFAOYSA-N,1,2,"{115197, 115198}",[],1,{1},[76039],"{11001, 80778}",Ester_amidation,[2924]
86960,Cc1cc(N)c(NC(=O)COCCBr)cc1F,ZHHDIDFVCDZQMQ-UHFFFAOYSA-N,1,1,{112270},[],1,{1},[73494],"{10960, 86594}",Ester_amidation,[2924]
87800,Nc1ccc(Br)c(O)c1NC(=O)COCC(=O)O,JVJGGICVKQBCFL-UHFFFAOYSA-N,1,1,{113279},[],1,{1},[74377],"{10330, 16038}",Ester_amidation,[2924]
11710,CSc1cc(O)ccc1NC(=O)c1c(Cl)cc(C(N)=O)cc1Cl,SZQDCULWSIZYCD-UHFFFAOYSA-N,1,1,{13529},[],1,{1},[5671],"{4579, 10364}",Amidation,[2944]
88127,COC(C)(C(=O)O)C(=O)Nc1cc(F)ccc1N,AXIRKSHUFYFYNN-UHFFFAOYSA-N,1,2,"{113699, 113700}",[],1,{1},[74702],"{80778, 8757}",Ester_amidation,[2924]
70506,Nc1cc(I)c(Cl)cc1NC(=O)c1cc(Cl)c2nc(O)[nH]c2c1,SXYVLUOFUZMZEW-UHFFFAOYSA-N,1,1,{91210},[],1,{1},[56927],"{10160, 68261}",Amidation,[2919]
88749,Cc1c(F)ccc(N)c1NC(=O)C1(CN)CCCO1,UJNCRIXBAOBQAJ-UHFFFAOYSA-N,1,2,"{114373, 114374}",[],1,{1},[75316],"{10968, 87483}",Ester_amidation,[2924]
87779,Cc1cc(NC(=O)COCCCBr)c(N)cc1F,RTMDVGFUJNUVJJ-UHFFFAOYSA-N,1,1,{113258},[],1,{1},[74354],"{10960, 86686}",Ester_amidation,[2924]
86443,Cc1ccc(NC(=O)C2CO2)c(N)c1F,KANNEGXAGGSHSU-UHFFFAOYSA-N,1,2,"{111672, 111673}",[],1,{1},[72886],"{11001, 86242}",Ester_amidation,[2924]
70847,COc1ccc(NC(=O)c2cc(Cl)c3nc(O)[nH]c3c2)c(Br)c1,CPAHGIPOWMNTQJ-UHFFFAOYSA-N,1,1,{91619},[],1,{1},[57268],"{10824, 68261}",Amidation,[2919]
68262,O=C(Nc1ccccc1)c1cc(Cl)c2nc(O)[nH]c2c1,BRXDFUQBRMXYHM-UHFFFAOYSA-N,1,1,{87743},[],1,{1},[54684],"{68261, 4439}",Amidation,[2919]
87240,Nc1cc(Cl)c(I)cc1NC(=O)COCCO,BWSJZFOCRGAJBC-UHFFFAOYSA-N,1,1,{112618},[],1,{1},[73811],"{10160, 86571}",Ester_amidation,[2924]
87861,COC(C(=O)O)C(=O)N(C)c1cccc(Br)c1N,OEYHWPRHGBUHSL-UHFFFAOYSA-N,1,2,"{113358, 113359}",[],1,{1},[74438],"{16017, 86282}",Ester_amidation,[2924]
87728,CN(C(=O)COCCCBr)c1cccc(Br)c1N,ZOCCIVREYWDEHZ-UHFFFAOYSA-N,1,1,{113207},[],1,{1},[74303],"{86282, 86686}",Ester_amidation,[2924]
89091,CC1(C(=O)Nc2c(N)ccc(Br)c2O)CNCCO1,SHAPNOGXDNVORA-UHFFFAOYSA-N,1,2,"{114872, 114873}",[],1,{1},[75728],"{10330, 87461}",Ester_amidation,[2924]
9790,NC(=O)c1cc(Cl)c(C(=O)Nc2ccc(F)cc2N)c(Cl)c1,ZZZIOWKDTQACJU-UHFFFAOYSA-N,1,1,{12122},[],1,{1},[4271],"{4579, 8757}",Amidation,[2944]
53916,Fc1cccc2nc(C34CC(C5CCCC5)(C3)C4)cnc12,FDVSRZDPYNTQEB-UHFFFAOYSA-N,1,1,{66411},[],1,{1},[42237],"{53784, 52788}",Sp3-sp2_Suzuki_coupling,[1473]
86572,Nc1ccc(Br)cc1NC(=O)COCCO,CMZBCCAPKWLNQV-UHFFFAOYSA-N,1,1,{111866},[],1,{1},[73086],"{8673, 86571}",Ester_amidation,[2924]
69767,Cc1cc(F)ccc1NC(=O)c1cc(Cl)c2nc(O)[nH]c2c1,IHKUOCWEIJSBER-UHFFFAOYSA-N,1,1,{90327},[],1,{1},[56188],"{9052, 68261}",Amidation,[2919]
86798,Nc1ccc(F)cc1NC(=O)C1CNCCO1,NTNVEHZNYAOZQT-UHFFFAOYSA-N,1,2,"{112093, 112094}",[],1,{1},[73307],"{86797, 8757}",Ester_amidation,[2924]
87944,COC(C(=O)O)C(=O)Nc1cc(F)c(C)cc1N,QODQVQPNFADPKL-UHFFFAOYSA-N,1,1,{113456},[],1,{1},[74520],"{10960, 16017}",Ester_amidation,[2924]
87729,Cc1cc(NC(=O)COCCCBr)c(N)cc1Br,PGJAZSRUDQMMIA-UHFFFAOYSA-N,1,1,{113208},[],1,{1},[74304],"{10157, 86686}",Ester_amidation,[2924]
86621,Nc1c(O)cccc1NC(=O)COCCCl,ZZYPJRFLWVVWSY-UHFFFAOYSA-N,1,1,{111915},[],1,{1},[73137],"{8692, 86597}",Ester_amidation,[2924]
63032,CC1CNCCN1C(=O)c1cccc(F)c1N,YFCWJGDZDPBTFK-UHFFFAOYSA-N,1,2,"{78057, 78058}",[],1,{1},[50311],"{11755, 4535}",Amidation,[1316]
71640,Cn1c(=O)[nH]c2cc(C(=O)Nc3cc(I)c(Cl)cc3N)cc(Cl)c21,YKQCRTQSGURNEG-UHFFFAOYSA-N,1,1,{92549},[],1,{1},[58061],"{10160, 68670}",Amidation,[2919]
42748,COc1cncc(Br)c1Nc1ccc(O)c(Cl)c1Br,LSJQJKJFVTWTSS-UHFFFAOYSA-N,1,1,{48738},[],1,{1},[32089],"{10240, 40914}",Buchwald-Hartwig_amination,[3628]
86856,Cc1cc(NC(=O)COCCBr)c(N)cc1Cl,GVENKBOUGLNPDK-UHFFFAOYSA-N,1,1,{112160},[],1,{1},[73382],"{10154, 86594}",Ester_amidation,[2924]
41969,Cc1cc(Nc2cncc(O)c2Br)cc(C)c1O,CYSOGTMCLDJTAX-UHFFFAOYSA-N,1,1,{47974},[],1,{1},[31291],"{40872, 16834}",Buchwald-Hartwig_amination,[3628]
87106,CNc1ccc(Br)cc1NC(=O)COCCCl,HUTVRTGEABYIGN-UHFFFAOYSA-N,1,1,{112484},[],1,{1},[73677],"{86307, 86597}",Ester_amidation,[2924]
53992,O=C(O)C12C3C4C1C1C2C3C41c1cnc2ccccc2n1,SIWAMZRIHXLWJB-UHFFFAOYSA-N,1,1,{66528},[],1,{1},[42309],"{4505, 53991}",Sp3-sp2_Suzuki_coupling,[1473]
86709,CCOC(=O)C(=O)Nc1ccc(Br)c(O)c1N,OKQATKYMESJMAZ-UHFFFAOYSA-N,1,1,{112000},[],1,{1},[73414],"{10330, 86549}",Ester_amidation,[2924]
70509,Cc1cc(N)c(NC(=O)c2cc(Cl)c3nc(O)[nH]c3c2)cc1Br,IPUIXGAXSUBNDX-UHFFFAOYSA-N,1,1,{91213},[],1,{1},[56930],"{10157, 68261}",Amidation,[2919]
87925,C#CCCOCC(=O)Nc1ccc(Br)c(O)c1N,NYNFKEMDNOXRJR-UHFFFAOYSA-N,1,1,{113434},[],1,{1},[74501],"{10330, 86695}",Ester_amidation,[2924]
88751,Cc1ccc(N)c(NC(=O)C2(CN)CCCO2)c1F,OOVWJHPMFVRINC-UHFFFAOYSA-N,1,2,"{114377, 114378}",[],1,{1},[75318],"{11001, 87483}",Ester_amidation,[2924]
86448,Cc1c(F)ccc(N)c1NC(=O)C1CO1,HBQBWIYUUFLBEN-UHFFFAOYSA-N,1,2,"{111682, 111683}",[],1,{1},[72891],"{10968, 86242}",Ester_amidation,[2924]
29545,CC(=O)c1cc(=O)n(CC2CCS(=O)(=O)C2)c(=O)[nH]1,NYOQAQVVFGPVQX-UHFFFAOYSA-N,1,2,"{31886, 31887}",[],1,{1},[21201],"{4466, 29490}",Nucleophilic_substitution_with_amine,[95]
86867,Nc1ccc(Br)c(O)c1NC(=O)COCCBr,IHTJDWRVVKVVHZ-UHFFFAOYSA-N,1,1,{112171},[],1,{1},[73393],"{10330, 86594}",Ester_amidation,[2924]
88438,CC(C)(C)OC(=O)C(=O)N1CCNc2ccccc21,XTONPCMWZGGBFU-UHFFFAOYSA-N,1,1,{114037},[],1,{1},[75794],"{10147, 86549}",Ester_amidation,[2924]
42638,COc1ccc(Nc2cc(Cl)ncc2OC)c(C)c1,YYOFAEBDKRSZHP-UHFFFAOYSA-N,1,1,{48629},[],1,{1},[31965],"{16829, 40927}",Buchwald-Hartwig_amination,[3628]
87964,C#CCCOCC(=O)N(C)c1cccc(Br)c1N,NALZRBTVAJZBPH-UHFFFAOYSA-N,1,1,{113480},[],1,{1},[74540],"{86282, 86695}",Ester_amidation,[2924]
87309,Nc1ccc(F)cc1NC(=O)C1OCCNC1=O,SNAFPJORBRVQFU-UHFFFAOYSA-N,1,2,"{112689, 112690}",[],1,{1},[73879],"{87305, 8757}",Ester_amidation,[2924]
87858,COC(C(=O)O)C(=O)Nc1c(N)ccc(Br)c1O,ABZULVRYXSGRBG-UHFFFAOYSA-N,1,2,"{113352, 113353}",[],1,{1},[74435],"{16017, 10330}",Ester_amidation,[2924]
89343,COC(C)(C(=O)O)C(=O)Nc1cc(C)c(Cl)cc1N,LUZWLQZYCVGFKG-UHFFFAOYSA-N,1,2,"{115218, 115219}",[],1,{1},[76052],"{10154, 80778}",Ester_amidation,[2924]
11628,Cc1ccc(NC(=O)c2c(Cl)cc(C(N)=O)cc2Cl)c(N)c1F,VIWJJAUHSXYJBG-UHFFFAOYSA-N,1,1,{13446},[],1,{1},[5589],"{11001, 4579}",Amidation,[2944]
88755,Cc1cc(C)c(N)c(NC(=O)C2(CN)CCCO2)c1,NFRIWYBTDJBDTB-UHFFFAOYSA-N,1,2,"{114384, 114385}",[],1,{1},[75322],"{86370, 87483}",Ester_amidation,[2924]
88006,C#CCCOCC(=O)Nc1cc(I)c(Cl)cc1N,AKSZIRMHVDMFQN-UHFFFAOYSA-N,1,1,{113528},[],1,{1},[74582],"{10160, 86695}",Ester_amidation,[2924]
87921,C#CCCOCC(=O)N1CCNc2ccccc21,QRZOJAWCKGSBOT-UHFFFAOYSA-N,1,1,{113431},[],1,{1},[74498],"{10147, 86695}",Ester_amidation,[2924]
88752,Cc1ccc(NC(=O)C2(CN)CCCO2)c(N)c1F,YMMNLAZUQFWVQJ-UHFFFAOYSA-N,1,2,"{114379, 114380}",[],1,{1},[75319],"{11001, 87483}",Ester_amidation,[2924]
87157,Cc1c(F)ccc(NC(=O)COCCO)c1N,SZFDWJXYUFXAMZ-UHFFFAOYSA-N,1,1,{112536},[],1,{1},[73728],"{10968, 86571}",Ester_amidation,[2924]
78624,CC(C)c1cccc2c1nc(O)n2C,LBCFCMGMDDFRLQ-UHFFFAOYSA-N,1,1,{101603},[],1,{1},[64974],"{4558, 78623}",Sp3-sp2_Suzuki_coupling,[1128]
72299,Cc1cc(N)c(NC(=O)c2cc(Cl)c3c(c2)[nH]c(=O)n3C)cc1F,PPRLUTIFWGKTDZ-UHFFFAOYSA-N,1,1,{93311},[],1,{1},[58719],"{10960, 68670}",Amidation,[2919]
70508,Cc1cc(NC(=O)c2cc(Cl)c3nc(O)[nH]c3c2)c(N)cc1Br,LSJHCLRKCBZGLT-UHFFFAOYSA-N,1,1,{91212},[],1,{1},[56929],"{10157, 68261}",Amidation,[2919]
71372,Cn1c(=O)[nH]c2cc(C(=O)Nc3cc(Cl)c(Cl)cc3Cl)cc(Cl)c21,VDHMZVVQNYXQBI-UHFFFAOYSA-N,1,1,{92281},[],1,{1},[57793],"{10218, 68670}",Amidation,[2919]
72324,Cc1ccc(NC(=O)c2cc(Cl)c3c(c2)[nH]c(=O)n3C)c(N)c1F,NDFNMUZBSGUJGY-UHFFFAOYSA-N,1,1,{93336},[],1,{1},[58744],"{11001, 68670}",Amidation,[2919]
79079,Cn1c(C2CCOC2)nc2c(Br)cccc21,KLYQQFRYWZYXDU-UHFFFAOYSA-N,1,2,"{102131, 102132}",[],1,{1},[65480],"{78851, 78631}",Sp3-sp2_Suzuki_coupling,[1128]
89250,COC(C)(C(=O)O)C(=O)Nc1c(N)ccc(Br)c1O,FJDBEGNCPSFTQU-UHFFFAOYSA-N,1,2,"{115104, 115105}",[],1,{1},[75959],"{10330, 80778}",Ester_amidation,[2924]
71615,Cn1c(=O)[nH]c2cc(C(=O)Nc3cc(Cl)c(I)cc3N)cc(Cl)c21,MVZXOZDFKIMVRD-UHFFFAOYSA-N,1,1,{92524},[],1,{1},[58036],"{10160, 68670}",Amidation,[2919]
70322,Nc1cc(Br)cc(O)c1NC(=O)c1cc(Cl)c2nc(O)[nH]c2c1,PIRZGYIFDNVSCW-UHFFFAOYSA-N,1,1,{91026},[],1,{1},[56743],"{68261, 10327}",Amidation,[2919]
53171,Cc1nc2ccccc2nc1C(C)(C)C1CC1,WLEGWKBKLYJFBF-UHFFFAOYSA-N,1,1,{65259},[],1,{1},[41453],"{52920, 52795}",Sp3-sp2_Suzuki_coupling,[1473]
86488,Cc1cc(NC(=O)C2CO2)c(N)cc1F,CHCZGFAWISZDRE-UHFFFAOYSA-N,1,2,"{111737, 111738}",[],1,{1},[72931],"{10960, 86242}",Ester_amidation,[2924]
87153,Cc1cc(C)c(N)c(NC(=O)COCCO)c1,GWHHTDHEDFXPRA-UHFFFAOYSA-N,1,1,{112532},[],1,{1},[73724],"{86370, 86571}",Ester_amidation,[2924]
11259,Cc1cc(N)c(NC(=O)c2c(Cl)cc(C(N)=O)cc2Cl)cc1Cl,UJYGJTOQGTVDNO-UHFFFAOYSA-N,1,1,{13078},[],1,{1},[5223],"{10154, 4579}",Amidation,[2944]
89085,Cc1ccc(N)c(NC(=O)C2(C)CNCCO2)c1F,KFNQCOBLGDSGON-UHFFFAOYSA-N,1,2,"{114861, 114862}",[],1,{1},[75722],"{11001, 87461}",Ester_amidation,[2924]
12299,Cc1cc(F)c(Br)cc1NC(=O)c1c(Cl)cc(C(N)=O)cc1Cl,NFDNKMZNQOJSQM-UHFFFAOYSA-N,1,1,{13945},[],1,{1},[6080],"{10802, 4579}",Amidation,[2944]
11393,Cc1cc(N)c(NC(=O)c2c(Cl)cc(C(N)=O)cc2Cl)cc1F,HTLAYWFVVBTOCO-UHFFFAOYSA-N,1,1,{13213},[],1,{1},[5356],"{10960, 4579}",Amidation,[2944]
11401,NC(=O)c1cc(Cl)c(C(=O)Nc2c(F)ccc(F)c2N)c(Cl)c1,ANIYSDJXDHCPAP-UHFFFAOYSA-N,1,1,{13221},[],1,{1},[5364],"{4579, 10131}",Amidation,[2944]
9865,NC(=O)c1cc(Cl)c(C(=O)Nc2cccc(O)c2N)c(Cl)c1,LLWCNOCMIQXADI-UHFFFAOYSA-N,1,1,{12197},[],1,{1},[4346],"{4579, 8692}",Amidation,[2944]
16018,COC(C(=O)Nc1cccc(C(=O)NCc2cccs2)c1)C(=O)OC(C)(C)C,VVIUCFFHLGOWHK-UHFFFAOYSA-N,1,1,{17036},[],1,{1},[8343],"{16017, 4450}",Amidation,[2916]
86256,Nc1ccc(F)cc1NC(=O)C1CO1,QPFFXTAITBJALQ-UHFFFAOYSA-N,1,2,"{111417, 111418}",[],1,{1},[72705],"{86242, 8757}",Ester_amidation,[2924]
87855,CNc1ccc(Br)cc1NC(=O)C(OC)C(=O)O,AIKINYOIJINLCN-UHFFFAOYSA-N,1,2,"{113347, 113348}",[],1,{1},[74432],"{16017, 86307}",Ester_amidation,[2924]
88275,Cc1cc(NC(=O)C2CNCCO2)c(N)cc1F,LRMRNKZDBBTSEY-UHFFFAOYSA-N,1,2,"{113869, 113870}",[],1,{1},[74849],"{10960, 86797}",Ester_amidation,[2924]
89332,COC(C)(C(=O)O)C(=O)Nc1c(N)ccc(F)c1C,JEJZCXXFXSHXLL-UHFFFAOYSA-N,1,1,{115201},[],1,{1},[76041],"{10968, 80778}",Ester_amidation,[2924]
71135,Cn1c(=O)[nH]c2cc(C(=O)Nc3cc(O)ccc3Br)cc(Cl)c21,WBYDKIQWNIYSNG-UHFFFAOYSA-N,1,1,{92041},[],1,{1},[57556],"{4476, 68670}",Amidation,[2919]
86822,Nc1c(O)cccc1NC(=O)C1CNCCO1,WUCKOVOZHPUQOK-UHFFFAOYSA-N,1,2,"{112125, 112126}",[],1,{1},[73331],"{8692, 86797}",Ester_amidation,[2924]
72282,O=C(Nc1c(F)cccc1C(=O)O)c1cc(Cl)c2nc(O)[nH]c2c1,SXBQTDXZGQIXJM-UHFFFAOYSA-N,1,1,{93294},[],1,{1},[58702],"{11755, 68261}",Amidation,[2919]
87875,COC(C(=O)O)C(=O)N1CCNc2ccccc21,YDZWGVIJHLMRMY-UHFFFAOYSA-N,1,1,{113382},[],1,{1},[74452],"{16017, 10147}",Ester_amidation,[2924]
88352,Cc1c(F)ccc(N)c1NC(=O)C(=O)OC(C)(C)C,BXCGWFMWXNPPHY-UHFFFAOYSA-N,1,1,{113950},[],1,{1},[75851],"{10968, 86549}",Ester_amidation,[2924]
53085,CC(C)(c1cnc2c(F)cccc2n1)C1CC1,VOFWBUSBEYKNPO-UHFFFAOYSA-N,1,1,{65161},[],1,{1},[41386],"{52920, 52788}",Sp3-sp2_Suzuki_coupling,[1473]
88005,C#CCCOCC(=O)Nc1cc(Cl)c(I)cc1N,UFSOGANPUFBMQU-UHFFFAOYSA-N,1,1,{113527},[],1,{1},[74581],"{10160, 86695}",Ester_amidation,[2924]
9867,NC(=O)c1cc(Cl)c(C(=O)Nc2cc(Br)ccc2N)c(Cl)c1,QXMABBHFLKEMLR-UHFFFAOYSA-N,1,1,{12199},[],1,{1},[4348],"{8673, 4579}",Amidation,[2944]
88821,NCC1(C(=O)Nc2cc(Cl)c(I)cc2N)CCCO1,VZWQKSMBJSBKQE-UHFFFAOYSA-N,1,2,"{114486, 114487}",[],1,{1},[75386],"{10160, 87483}",Ester_amidation,[2924]
80002,Cn1c(N)nc2cccc(C3(C)CC3(C)C)c21,KMHOHNXAANOZND-UHFFFAOYSA-N,1,2,"{103449, 103450}",[],1,{1},[66459],"{4530, 52908}",Sp3-sp2_Suzuki_coupling,[1128]
89097,CC1(C(=O)Nc2cc(I)c(Cl)cc2N)CNCCO1,VESIJBMVRPQMDM-UHFFFAOYSA-N,1,2,"{114884, 114885}",[],1,{1},[75734],"{10160, 87461}",Ester_amidation,[2924]
86693,Nc1ccc(Br)cc1NC(=O)COCCCBr,XKFATSSWWJNGBB-UHFFFAOYSA-N,1,1,{111986},[],1,{1},[73208],"{8673, 86686}",Ester_amidation,[2924]
89247,CNc1ccc(Br)cc1NC(=O)C(C)(OC)C(=O)O,PQEQILYYKWEDTD-UHFFFAOYSA-N,1,2,"{115099, 115100}",[],1,{1},[75956],"{80778, 86307}",Ester_amidation,[2924]
88935,Nc1ccc(Br)c(O)c1NC(=O)C1OCCNC1=O,SEROCRLBNDMMJR-UHFFFAOYSA-N,1,2,"{114653, 114654}",[],1,{1},[75501],"{87305, 10330}",Ester_amidation,[2924]
78737,Cn1c(N)nc2cccc(C(C)(C)C)c21,BLAYPWXDWCKVHA-UHFFFAOYSA-N,1,1,{101716},[],1,{1},[65101],"{4530, 4507}",Sp3-sp2_Suzuki_coupling,[1128]
89127,Cc1cc(N)c(NC(=O)C2(C)CNCCO2)cc1F,FVUQOOQCHAPXET-UHFFFAOYSA-N,1,2,"{114939, 114940}",[],1,{1},[75764],"{10960, 87461}",Ester_amidation,[2924]
89353,COC(C)(C(=O)O)C(=O)Nc1cc(F)c(C)cc1N,NWGFDPQAKFRINQ-UHFFFAOYSA-N,1,2,"{115236, 115237}",[],1,{1},[76062],"{10960, 80778}",Ester_amidation,[2924]
53030,CC(C)(c1nc2ccccc2nc1Br)C1CC1,UJQAVSAMIOQJNQ-UHFFFAOYSA-N,1,1,{65089},[],1,{1},[41325],"{52920, 52777}",Sp3-sp2_Suzuki_coupling,[1473]
86802,CCOC(=O)C(=O)Nc1cc(Br)ccc1NC,UGLHAJSPXOWHSE-UHFFFAOYSA-N,1,1,{112099},[],1,{1},[73370],"{86307, 86549}",Ester_amidation,[2924]
89083,Cc1c(F)ccc(N)c1NC(=O)C1(C)CNCCO1,JDHHJVUQTVVILY-UHFFFAOYSA-N,1,2,"{114858, 114859}",[],1,{1},[75720],"{10968, 87461}",Ester_amidation,[2924]
68853,Nc1ccc(Br)cc1NC(=O)c1cc(Cl)c2nc(O)[nH]c2c1,JSDWPAGOCVDNKG-UHFFFAOYSA-N,1,1,{88731},[],1,{1},[55274],"{8673, 68261}",Amidation,[2919]
9915,NC(=O)c1cc(Cl)c(C(=O)Nc2ccc(O)cc2Cl)c(Cl)c1,SAIDAQMCKKGFBM-UHFFFAOYSA-N,1,1,{12247},[],1,{1},[4396],"{4579, 9132}",Amidation,[2944]
11433,NC(=O)c1cc(Cl)c(C(=O)Nc2cc(Br)cc(O)c2N)c(Cl)c1,SUMULVPEHAXQGR-UHFFFAOYSA-N,1,1,{13253},[],1,{1},[5396],"{4579, 10327}",Amidation,[2944]
11851,COc1ccc(NC(=O)c2c(Cl)cc(C(N)=O)cc2Cl)c(Br)c1,AAIMCXHWVUQIFK-UHFFFAOYSA-N,1,1,{13617},[],1,{1},[5758],"{10824, 4579}",Amidation,[2944]
63693,CC1CN(C(=O)c2cccc(F)c2)C(C)(C)CN1,FRQZSTLBLSDMFL-UHFFFAOYSA-N,1,2,"{79153, 79154}",[],1,{1},[50796],"{63692, 4534}",Amidation,[1316]
87339,CC(C)(C)OC(=O)C(=O)Nc1cc(F)ccc1N,OMXYIVNPWCKNQT-UHFFFAOYSA-N,1,1,{112736},[],1,{1},[73943],"{86549, 8757}",Ester_amidation,[2924]
71926,Cc1c(F)ccc(N)c1NC(=O)c1cc(Cl)c2c(c1)[nH]c(=O)n2C,GNYDXEOSEGKLJK-UHFFFAOYSA-N,1,1,{92932},[],1,{1},[58346],"{10968, 68670}",Amidation,[2919]
79391,Cn1c(N)nc2cccc(C3CC3(C)C)c21,TVJYIAPIDJCYEW-UHFFFAOYSA-N,1,2,"{102542, 102543}",[],1,{1},[65811],"{4530, 54254}",Sp3-sp2_Suzuki_coupling,[1128]
69942,Cn1c(=O)[nH]c2cc(C(=O)Nc3cc(F)ccc3N)cc(Cl)c21,HCUBNQQMTMYTME-UHFFFAOYSA-N,1,1,{90642},[],1,{1},[56363],"{8757, 68670}",Amidation,[2919]
89331,COC(C)(C(=O)O)C(=O)Nc1cc(C)c(Br)cc1N,XDNWBKHPXZLGRD-UHFFFAOYSA-N,1,2,"{115200, 115199}",[],1,{1},[76040],"{80778, 10157}",Ester_amidation,[2924]
78652,CC(C)c1cccc2nc(N)n(C)c12,KVAKLFGAJVRKCG-UHFFFAOYSA-N,1,1,{101625},[],1,{1},[65006],"{4530, 4558}",Sp3-sp2_Suzuki_coupling,[1128]
87792,Nc1cc(I)c(Cl)cc1NC(=O)COCC(=O)O,PXRMGVRTTQITNG-UHFFFAOYSA-N,1,1,{113271},[],1,{1},[74369],"{10160, 16038}",Ester_amidation,[2924]
26522,Cn1cc(C(=O)NCc2cccs2)c2ccc(Cl)cc21,XHOFNXFGDGKUJA-UHFFFAOYSA-N,1,1,{28815},[],1,{1},[18687],"{4440, 4462}",Amidation,[2188]
73685,COc1cc(N)ccc1C(=O)Nc1ccc(O)cc1[N+](=O)[O-],YFBWMALMFMVNGN-UHFFFAOYSA-N,1,1,{94662},[],1,{1},[60137],"{72797, 17246}",Ester_amidation,[3627]
11260,Cc1cc(NC(=O)c2c(Cl)cc(C(N)=O)cc2Cl)c(N)cc1Cl,ADEUBRHKTUYXJN-UHFFFAOYSA-N,1,1,{13079},[],1,{1},[5224],"{10154, 4579}",Amidation,[2944]
9979,Cc1cc(F)ccc1NC(=O)c1c(Cl)cc(C(N)=O)cc1Cl,JJGJEGAREBMUCH-UHFFFAOYSA-N,1,1,{12311},[],1,{1},[4460],"{4579, 9052}",Amidation,[2944]
89094,CN(C(=O)C1(C)CNCCO1)c1cccc(Br)c1N,WIKDVYYVCZUZCY-UHFFFAOYSA-N,1,2,"{114878, 114879}",[],1,{1},[75731],"{86282, 87461}",Ester_amidation,[2924]
87970,C#CCCOCC(=O)Nc1cc(C)c(F)cc1N,CJFJDSZPOCCKLY-UHFFFAOYSA-N,1,1,{113486},[],1,{1},[74546],"{10960, 86695}",Ester_amidation,[2924]
63641,CC1CNCCN1C(=O)c1cc(F)c(F)cc1O,PPATYTBZUKHXEW-UHFFFAOYSA-N,1,2,"{79080, 79081}",[],1,{1},[50759],"{63593, 4535}",Amidation,[1316]
78660,Cn1c(Cl)nc2c(C(C)(C)C)cccc21,XDAUNVVQVWBJRY-UHFFFAOYSA-N,1,1,{101632},[],1,{1},[65016],"{4507, 78631}",Sp3-sp2_Suzuki_coupling,[1128]
72323,Cc1ccc(N)c(NC(=O)c2cc(Cl)c3c(c2)[nH]c(=O)n3C)c1F,PCXOXCGBQZDAAH-UHFFFAOYSA-N,1,1,{93335},[],1,{1},[58743],"{11001, 68670}",Amidation,[2919]
87695,Cc1cc(NC(=O)COCCCBr)c(N)cc1Cl,OLJRQEZFHUBOJD-UHFFFAOYSA-N,1,1,{113174},[],1,{1},[74270],"{10154, 86686}",Ester_amidation,[2924]
30047,O=c1cc(C(F)(F)F)[nH]c(=O)n1CC1CCS(=O)(=O)C1,RZRQWDIIJKRBRL-UHFFFAOYSA-N,1,2,"{32366, 32367}",[],1,{1},[21477],"{4466, 30046}",Nucleophilic_substitution_with_amine,[95]
69654,O=C(Nc1ccc(F)cc1O)c1cc(Cl)c2nc(O)[nH]c2c1,XCYYSGPMEPNIJG-UHFFFAOYSA-N,1,1,{90207},[],1,{1},[56075],"{8969, 68261}",Amidation,[2919]
86487,Cc1cc(N)c(NC(=O)C2CO2)cc1F,USGUECJGCUCGJG-UHFFFAOYSA-N,1,2,"{111736, 111735}",[],1,{1},[72930],"{10960, 86242}",Ester_amidation,[2924]
86689,Nc1ccc(F)cc1NC(=O)COCCCBr,PKCPDQULYJLVOV-UHFFFAOYSA-N,1,1,{111982},[],1,{1},[73204],"{8757, 86686}",Ester_amidation,[2924]
70321,Nc1c(O)cc(Br)cc1NC(=O)c1cc(Cl)c2nc(O)[nH]c2c1,XWDGYPZKMDHOAF-UHFFFAOYSA-N,1,1,{91025},[],1,{1},[56742],"{68261, 10327}",Amidation,[2919]
52909,CC1(C)CC1(C)c1cnc2ccccc2n1,VFRWZXUFTBISFX-UHFFFAOYSA-N,1,2,"{64948, 64949}",[],1,{1},[41195],"{4505, 52908}",Sp3-sp2_Suzuki_coupling,[1473]
88088,Nc1c(NC(=O)C2CNCCO2)ccc(Br)c1O,MVECEECSUSQSFB-UHFFFAOYSA-N,1,2,"{113645, 113646}",[],1,{1},[74663],"{10330, 86797}",Ester_amidation,[2924]
87150,Nc1c(F)ccc(F)c1NC(=O)COCCO,WUHAKEIDLGOOPO-UHFFFAOYSA-N,1,1,{112529},[],1,{1},[73721],"{86571, 10131}",Ester_amidation,[2924]
71496,Cn1c(=O)[nH]c2cc(C(=O)Nc3cc(Br)cc(O)c3N)cc(Cl)c21,SHKHSZXMVQYLEL-UHFFFAOYSA-N,1,1,{92405},[],1,{1},[57917],"{68670, 10327}",Amidation,[2919]
15110,C=C(OC)C(=O)Nc1cc(C(=O)NCc2cc(Br)cs2)ccc1N(C)C,HGNZEYZNLGCCCJ-UHFFFAOYSA-N,1,1,{16081},[],1,{1},[7745],"{15032, 14501}",Amidation,[2916]
87725,Nc1cc(Cl)c(I)cc1NC(=O)COCCCBr,CXJZFCVVTVWFQD-UHFFFAOYSA-N,1,1,{113204},[],1,{1},[74300],"{10160, 86686}",Ester_amidation,[2924]
86578,Nc1ccc(F)cc1NC(=O)COCCO,ZDVUJSLCWLRJJF-UHFFFAOYSA-N,1,1,{111872},[],1,{1},[73096],"{86571, 8757}",Ester_amidation,[2924]
54010,O=C(O)C12C3C4C1C1C2C3C41c1cnc2c(F)cccc2n1,GEFJXHWQCDWAIH-UHFFFAOYSA-N,1,1,{66547},[],1,{1},[42325],"{52788, 53991}",Sp3-sp2_Suzuki_coupling,[1473]
88081,Nc1c(O)cc(Br)cc1NC(=O)C1CNCCO1,FFVPPUCWCIFOJN-UHFFFAOYSA-N,1,1,{113632},[],1,{1},[74656],"{86797, 10327}",Ester_amidation,[2924]
87076,Cc1cc(N)c(NC(=O)COCCCl)cc1Cl,NMRQDVCXNDUCEQ-UHFFFAOYSA-N,1,1,{112451},[],1,{1},[73624],"{10154, 86597}",Ester_amidation,[2924]
89086,Cc1ccc(NC(=O)C2(C)CNCCO2)c(N)c1F,GTMQLONVJYLJPI-UHFFFAOYSA-N,1,2,"{114864, 114863}",[],1,{1},[75723],"{11001, 87461}",Ester_amidation,[2924]
87253,COC(C(=O)O)C(=O)Nc1cc(Br)ccc1N,BOZZOOCSIJXOFE-UHFFFAOYSA-N,1,2,"{112632, 112631}",[],1,{1},[73824],"{8673, 16017}",Ester_amidation,[2924]
70399,Cc1c(F)ccc(N)c1NC(=O)c1cc(Cl)c2nc(O)[nH]c2c1,OLRPHIJQJGEYPO-UHFFFAOYSA-N,1,1,{91103},[],1,{1},[56820],"{10968, 68261}",Amidation,[2919]
86712,CCOC(=O)C(=O)Nc1cc(I)c(Cl)cc1N,XROLROQPFYHVTH-UHFFFAOYSA-N,1,1,{112003},[],1,{1},[73612],"{10160, 86549}",Ester_amidation,[2924]
86288,Nc1c(O)cc(Br)cc1NC(=O)C1CO1,UJZQWMOENMGLLC-UHFFFAOYSA-N,1,1,{111462},[],1,{1},[72744],"{86242, 10327}",Ester_amidation,[2924]
70992,O=C(Nc1ccc2[nH]ncc2c1)c1cc(Cl)c2nc(O)[nH]c2c1,ZDLUTNAWQAIBPF-UHFFFAOYSA-N,1,1,{91897},[],1,{1},[57413],"{10770, 68261}",Amidation,[2919]
87245,Nc1c(NC(=O)COCCO)ccc(Br)c1O,IINXUWPYYBUSGZ-UHFFFAOYSA-N,1,1,{112623},[],1,{1},[73816],"{10330, 86571}",Ester_amidation,[2924]
86748,Nc1ccc(Br)cc1NC(=O)COCC(=O)O,CRRSNJPOSSQWMF-UHFFFAOYSA-N,1,1,{112037},[],1,{1},[73259],"{8673, 16038}",Ester_amidation,[2924]
70398,Cc1c(F)ccc(NC(=O)c2cc(Cl)c3nc(O)[nH]c3c2)c1N,HESBDSGBPBXURT-UHFFFAOYSA-N,1,1,{91102},[],1,{1},[56819],"{10968, 68261}",Amidation,[2919]
86876,Cc1cc(N)c(NC(=O)COCCCl)cc1F,HKMBSOCPNZCZQJ-UHFFFAOYSA-N,1,1,{112180},[],1,{1},[73403],"{10960, 86597}",Ester_amidation,[2924]
88361,Cc1ccc(NC(=O)C(=O)OC(C)(C)C)c(N)c1F,AGCFLUDZASWBKL-UHFFFAOYSA-N,1,1,{113961},[],1,{1},[75857],"{11001, 86549}",Ester_amidation,[2924]
86796,CCOC(=O)C(=O)Nc1c(F)ccc(F)c1N,KEGIXEWRHNGQTO-UHFFFAOYSA-N,1,1,{112092},[],1,{1},[73577],"{10131, 86549}",Ester_amidation,[2924]
86283,CN(C(=O)C1CO1)c1cccc(Br)c1N,LEKBTRYTLKTSBK-UHFFFAOYSA-N,1,2,"{111456, 111455}",[],1,{1},[72739],"{86242, 86282}",Ester_amidation,[2924]
89366,COC(C)(C(=O)O)C(=O)N(C)c1cccc(Br)c1N,HZKSPMGAPHNCIK-UHFFFAOYSA-N,1,2,"{115260, 115261}",[],1,{1},[76075],"{80778, 86282}",Ester_amidation,[2924]
89365,COC(C)(C(=O)O)C(=O)Nc1cc(Cl)c(I)cc1N,XRYMJFZPRACREX-UHFFFAOYSA-N,1,2,"{115258, 115259}",[],1,{1},[76074],"{10160, 80778}",Ester_amidation,[2924]
89364,COC(C)(C(=O)O)C(=O)Nc1cc(I)c(Cl)cc1N,JTBPJYBCBXABPD-UHFFFAOYSA-N,1,2,"{115256, 115257}",[],1,{1},[76073],"{10160, 80778}",Ester_amidation,[2924]
89362,COC(C)(C(=O)O)C(=O)Nc1c(N)ccc(C)c1F,QCHISGZJXHRSIE-UHFFFAOYSA-N,1,2,"{115253, 115254}",[],1,{1},[76071],"{11001, 80778}",Ester_amidation,[2924]
89357,COC(C)(C(=O)O)C(=O)Nc1cc(C)cc(C)c1N,LSFNXNINZSXXKG-UHFFFAOYSA-N,1,2,"{115244, 115245}",[],1,{1},[76066],"{80778, 86370}",Ester_amidation,[2924]
89344,COC(C)(C(=O)O)C(=O)Nc1cc(Cl)c(C)cc1N,LLRQGQSIFFIAKT-UHFFFAOYSA-N,1,1,{115220},[],1,{1},[76053],"{10154, 80778}",Ester_amidation,[2924]
89268,COC(C)(C(=O)O)C(=O)Nc1ccc(Br)c(O)c1N,RBYLWHBLMYJQAR-UHFFFAOYSA-N,1,2,"{115134, 115135}",[],1,{1},[75977],"{10330, 80778}",Ester_amidation,[2924]
89249,COC(C)(C(=O)O)C(=O)Nc1cc(Br)cc(O)c1N,YDEDXTAPAYAZGC-UHFFFAOYSA-N,1,1,{115103},[],1,{1},[75958],"{80778, 10327}",Ester_amidation,[2924]
89239,COC(C)(C(=O)O)C(=O)N1CCNc2ccccc21,RCJRKHDICOGCOH-UHFFFAOYSA-N,1,1,{115085},[],1,{1},[75948],"{80778, 10147}",Ester_amidation,[2924]
89164,COC(C)(C(=O)O)C(=O)Nc1c(F)ccc(F)c1N,FVNNYEASRNVCBO-UHFFFAOYSA-N,1,2,"{114990, 114991}",[],1,{1},[75816],"{80778, 10131}",Ester_amidation,[2924]
89128,Cc1cc(NC(=O)C2(C)CNCCO2)c(N)cc1F,ZQTHFOYGLKRHHB-UHFFFAOYSA-N,1,2,"{114941, 114942}",[],1,{1},[75765],"{10960, 87461}",Ester_amidation,[2924]
89111,CC1(C(=O)Nc2c(F)ccc(F)c2N)CNCCO1,RBYAXOASKZTVPA-UHFFFAOYSA-N,1,1,{114909},[],1,{1},[75748],"{10131, 87461}",Ester_amidation,[2924]
89104,Cc1cc(NC(=O)C2(C)CNCCO2)c(N)cc1Cl,VKJZMAGJJVKABM-UHFFFAOYSA-N,1,2,"{114897, 114898}",[],1,{1},[75741],"{10154, 87461}",Ester_amidation,[2924]
89103,Cc1cc(N)c(NC(=O)C2(C)CNCCO2)cc1Cl,HDECPEVEKFGRJM-UHFFFAOYSA-N,1,1,{114896},[],1,{1},[75740],"{10154, 87461}",Ester_amidation,[2924]
89092,CC1(C(=O)Nc2ccc(Br)c(O)c2N)CNCCO1,URMURNHEOIEHSR-UHFFFAOYSA-N,1,2,"{114874, 114875}",[],1,{1},[75729],"{10330, 87461}",Ester_amidation,[2924]
89084,Cc1c(F)ccc(NC(=O)C2(C)CNCCO2)c1N,ADVPDHLWZCQGQM-UHFFFAOYSA-N,1,1,{114860},[],1,{1},[75721],"{10968, 87461}",Ester_amidation,[2924]
88994,CNc1ccc(Br)cc1NC(=O)C1(C)CNCCO1,JRFUVFTWTHELSP-UHFFFAOYSA-N,1,2,"{114758, 114759}",[],1,{1},[75580],"{86307, 87461}",Ester_amidation,[2924]
88986,CC1(C(=O)N2CCNc3ccccc32)CNCCO1,BFYRANNQAZPQSY-UHFFFAOYSA-N,1,2,"{114742, 114743}",[],1,{1},[75572],"{10147, 87461}",Ester_amidation,[2924]
88966,Cc1cc(C)c(N)c(NC(=O)C2OCCNC2=O)c1,HUGDDRJIUPSIGR-UHFFFAOYSA-N,1,2,"{114712, 114713}",[],1,{1},[75532],"{87305, 86370}",Ester_amidation,[2924]
88964,Cc1ccc(NC(=O)C2OCCNC2=O)c(N)c1F,WRFFMIMIHFHOSH-UHFFFAOYSA-N,1,2,"{114708, 114709}",[],1,{1},[75530],"{11001, 87305}",Ester_amidation,[2924]
88963,Cc1ccc(N)c(NC(=O)C2OCCNC2=O)c1F,VCEMBOZGOBIWCN-UHFFFAOYSA-N,1,2,"{114706, 114707}",[],1,{1},[75529],"{11001, 87305}",Ester_amidation,[2924]
88962,Cc1c(F)ccc(NC(=O)C2OCCNC2=O)c1N,WBFQVMYCVKPNJD-UHFFFAOYSA-N,1,1,{114705},[],1,{1},[75528],"{10968, 87305}",Ester_amidation,[2924]
88961,Cc1c(F)ccc(N)c1NC(=O)C1OCCNC1=O,KPJAMMCWGBMHOE-UHFFFAOYSA-N,1,2,"{114704, 114703}",[],1,{1},[75527],"{10968, 87305}",Ester_amidation,[2924]
88955,Nc1c(F)ccc(F)c1NC(=O)C1OCCNC1=O,GCDUHEQDCCIVQB-UHFFFAOYSA-N,1,2,"{114691, 114692}",[],1,{1},[75521],"{87305, 10131}",Ester_amidation,[2924]
88944,Cc1cc(NC(=O)C2OCCNC2=O)c(N)cc1F,SLZYUASDRNVGCE-UHFFFAOYSA-N,1,2,"{114669, 114670}",[],1,{1},[75510],"{10960, 87305}",Ester_amidation,[2924]
88943,Cc1cc(N)c(NC(=O)C2OCCNC2=O)cc1F,AURUWVUCAAIWMD-UHFFFAOYSA-N,1,1,{114668},[],1,{1},[75509],"{10960, 87305}",Ester_amidation,[2924]
88937,Cc1cc(NC(=O)C2OCCNC2=O)c(N)cc1Br,WASUKNRGEFQPBQ-UHFFFAOYSA-N,1,2,"{114657, 114658}",[],1,{1},[75503],"{87305, 10157}",Ester_amidation,[2924]
88936,Nc1c(NC(=O)C2OCCNC2=O)ccc(Br)c1O,VAANNSBYKZIPGC-UHFFFAOYSA-N,1,2,"{114656, 114655}",[],1,{1},[75502],"{87305, 10330}",Ester_amidation,[2924]
88934,Nc1c(O)cc(Br)cc1NC(=O)C1OCCNC1=O,YSGOKMNPKMUDDP-UHFFFAOYSA-N,1,1,{114652},[],1,{1},[75500],"{87305, 10327}",Ester_amidation,[2924]
88932,CNc1ccc(Br)cc1NC(=O)C1OCCNC1=O,DRQUGPGTCFEMKO-UHFFFAOYSA-N,1,2,"{114648, 114649}",[],1,{1},[75498],"{87305, 86307}",Ester_amidation,[2924]
88924,O=C1NCCOC1C(=O)N1CCNc2ccccc21,ISXRYDYUNSRGRT-UHFFFAOYSA-N,1,2,"{114634, 114635}",[],1,{1},[75490],"{87305, 10147}",Ester_amidation,[2924]
88915,Cc1cc(NC(=O)C2OCCNC2=O)c(N)cc1Cl,JIFUZQUWFSDADN-UHFFFAOYSA-N,1,2,"{114620, 114621}",[],1,{1},[75481],"{87305, 10154}",Ester_amidation,[2924]
88914,Cc1cc(N)c(NC(=O)C2OCCNC2=O)cc1Cl,VKUBBZOKBQELRV-UHFFFAOYSA-N,1,1,{114619},[],1,{1},[75480],"{87305, 10154}",Ester_amidation,[2924]
88908,Nc1cc(Cl)c(I)cc1NC(=O)C1OCCNC1=O,YFWNUFJXIPRXFF-UHFFFAOYSA-N,1,2,"{114608, 114607}",[],1,{1},[75474],"{10160, 87305}",Ester_amidation,[2924]
88846,CNc1ccc(Br)cc1NC(=O)C1(CN)CCCO1,ISVISXCVGMLNAU-UHFFFAOYSA-N,1,2,"{114534, 114535}",[],1,{1},[75411],"{86307, 87483}",Ester_amidation,[2924]
88838,NCC1(C(=O)N2CCNc3ccccc32)CCCO1,GQCSBFHMMIBQLP-UHFFFAOYSA-N,1,1,{114520},[],1,{1},[75403],"{10147, 87483}",Ester_amidation,[2924]
88832,NCC1(C(=O)Nc2c(N)ccc(Br)c2O)CCCO1,YLZXRWHQNBEKKV-UHFFFAOYSA-N,1,2,"{114508, 114509}",[],1,{1},[75397],"{10330, 87483}",Ester_amidation,[2924]
88830,Cc1cc(NC(=O)C2(CN)CCCO2)c(N)cc1Br,AQSQXTACNREPGG-UHFFFAOYSA-N,1,2,"{114504, 114505}",[],1,{1},[75395],"{87483, 10157}",Ester_amidation,[2924]
88826,Cc1cc(NC(=O)C2(CN)CCCO2)c(N)cc1Cl,BARQZYVHTDJRLS-UHFFFAOYSA-N,1,2,"{114496, 114497}",[],1,{1},[75391],"{10154, 87483}",Ester_amidation,[2924]
88820,NCC1(C(=O)Nc2cc(I)c(Cl)cc2N)CCCO1,RYIXYTCGRBBTNZ-UHFFFAOYSA-N,1,2,"{114484, 114485}",[],1,{1},[75385],"{10160, 87483}",Ester_amidation,[2924]
88774,NCC1(C(=O)Nc2c(F)ccc(F)c2N)CCCO1,XBXLMTFGYXYIKI-UHFFFAOYSA-N,1,2,"{114416, 114417}",[],1,{1},[75340],"{10131, 87483}",Ester_amidation,[2924]
88750,Cc1c(F)ccc(NC(=O)C2(CN)CCCO2)c1N,DZSBCLSJIXWZNY-UHFFFAOYSA-N,1,2,"{114376, 114375}",[],1,{1},[75317],"{10968, 87483}",Ester_amidation,[2924]
88731,Cc1cc(N)c(NC(=O)C2(CN)CCCO2)cc1F,OWWUMLSBBAEONW-UHFFFAOYSA-N,1,1,{114341},[],1,{1},[75298],"{10960, 87483}",Ester_amidation,[2924]
88505,Cc1cc(NC(=O)C(=O)OC(C)(C)C)c(N)cc1Br,SXJZNKVWNSGRCE-UHFFFAOYSA-N,1,1,{114103},[],1,{1},[75897],"{86549, 10157}",Ester_amidation,[2924]
88412,CC(C)(C)OC(=O)C(=O)Nc1ccc(Br)c(O)c1N,DAFZBBOTIFJSCT-UHFFFAOYSA-N,1,1,{114011},[],1,{1},[75896],"{10330, 86549}",Ester_amidation,[2924]
88411,CC(C)(C)OC(=O)C(=O)Nc1c(N)ccc(Br)c1O,GPQKCSKKHWZPJU-UHFFFAOYSA-N,1,1,{114010},[],1,{1},[75895],"{10330, 86549}",Ester_amidation,[2924]
88383,CC(C)(C)OC(=O)C(=O)Nc1cc(I)c(Cl)cc1N,SEFCTTIBCXHAME-UHFFFAOYSA-N,1,1,{113982},[],1,{1},[75879],"{10160, 86549}",Ester_amidation,[2924]
88370,CC(C)(C)OC(=O)C(=O)Nc1c(F)ccc(F)c1N,HQXFOKGSUPOIIU-UHFFFAOYSA-N,1,1,{113969},[],1,{1},[75864],"{10131, 86549}",Ester_amidation,[2924]
88366,Cc1cc(NC(=O)C(=O)OC(C)(C)C)c(N)cc1Cl,AQTJAWFGCMZNOU-UHFFFAOYSA-N,1,1,{113965},[],1,{1},[75885],"{10154, 86549}",Ester_amidation,[2924]
88363,Cc1c(F)ccc(NC(=O)C(=O)OC(C)(C)C)c1N,BLIYUHUMADASHE-UHFFFAOYSA-N,1,1,{113963},[],1,{1},[75853],"{10968, 86549}",Ester_amidation,[2924]
88362,Cc1ccc(N)c(NC(=O)C(=O)OC(C)(C)C)c1F,XBSHQRMOILHOTR-UHFFFAOYSA-N,1,1,{113962},[],1,{1},[75855],"{11001, 86549}",Ester_amidation,[2924]
88356,Cc1cc(C)c(N)c(NC(=O)C(=O)OC(C)(C)C)c1,MXXZVDJVSILZAW-UHFFFAOYSA-N,1,1,{113956},[],1,{1},[75848],"{86370, 86549}",Ester_amidation,[2924]
88349,Cc1cc(N)c(NC(=O)C(=O)OC(C)(C)C)cc1F,ZLFBUNCPBFCDGW-UHFFFAOYSA-N,1,1,{113947},[],1,{1},[75876],"{10960, 86549}",Ester_amidation,[2924]
88280,CN(C(=O)C(=O)OC(C)(C)C)c1cccc(Br)c1N,UXFPJRXNQLTSHE-UHFFFAOYSA-N,1,1,{113877},[],1,{1},[75894],"{86282, 86549}",Ester_amidation,[2924]
88100,Cc1cc(NC(=O)C2CNCCO2)c(N)cc1Br,LOVZEKPZPCQBEX-UHFFFAOYSA-N,1,2,"{113667, 113668}",[],1,{1},[74675],"{86797, 10157}",Ester_amidation,[2924]
88099,CN(C(=O)C1CNCCO1)c1cccc(Br)c1N,LIGLITZYABUEHC-UHFFFAOYSA-N,1,2,"{113665, 113666}",[],1,{1},[74674],"{86282, 86797}",Ester_amidation,[2924]
88089,Cc1cc(NC(=O)C2CNCCO2)c(N)cc1Cl,ULJDOSMEEIJKNC-UHFFFAOYSA-N,1,2,"{113648, 113647}",[],1,{1},[74664],"{10154, 86797}",Ester_amidation,[2924]
88083,CNc1ccc(Br)cc1NC(=O)C1CNCCO1,AVNMODZBGJQDER-UHFFFAOYSA-N,1,2,"{113635, 113636}",[],1,{1},[74658],"{86307, 86797}",Ester_amidation,[2924]
88080,Nc1ccc(Br)c(O)c1NC(=O)C1CNCCO1,ALZSAHLTDYSBTQ-UHFFFAOYSA-N,1,2,"{113630, 113631}",[],1,{1},[74655],"{10330, 86797}",Ester_amidation,[2924]
88079,Cc1c(F)ccc(NC(=O)C2CNCCO2)c1N,ZZAALLUIYPOMKS-UHFFFAOYSA-N,1,1,{113629},[],1,{1},[74654],"{10968, 86797}",Ester_amidation,[2924]
88078,Cc1ccc(N)c(NC(=O)C2CNCCO2)c1F,KDLZYKHWERUZJL-UHFFFAOYSA-N,1,2,"{113627, 113628}",[],1,{1},[74653],"{11001, 86797}",Ester_amidation,[2924]
88074,Cc1cc(C)c(N)c(NC(=O)C2CNCCO2)c1,XEMXHACCNGSBMQ-UHFFFAOYSA-N,1,1,{113622},[],1,{1},[74649],"{86370, 86797}",Ester_amidation,[2924]
88073,Cc1c(F)ccc(N)c1NC(=O)C1CNCCO1,QWAZLQDTCMFZKH-UHFFFAOYSA-N,1,2,"{113620, 113621}",[],1,{1},[74648],"{10968, 86797}",Ester_amidation,[2924]
88031,O=C(C1CNCCO1)N1CCNc2ccccc21,FWMXUJUCHRUBCJ-UHFFFAOYSA-N,1,1,{113553},[],1,{1},[74606],"{10147, 86797}",Ester_amidation,[2924]
88016,C#CCCOCC(=O)Nc1c(N)ccc(F)c1C,UUNJGLVTGLWFTP-UHFFFAOYSA-N,1,1,{113539},[],1,{1},[74592],"{10968, 86695}",Ester_amidation,[2924]
88015,C#CCCOCC(=O)Nc1c(N)ccc(C)c1F,VKLMFPUWFGTMQY-UHFFFAOYSA-N,1,1,{113538},[],1,{1},[74591],"{11001, 86695}",Ester_amidation,[2924]
88014,C#CCCOCC(=O)Nc1ccc(C)c(F)c1N,GDQHKUKEYJNFSW-UHFFFAOYSA-N,1,1,{113537},[],1,{1},[74590],"{11001, 86695}",Ester_amidation,[2924]
87999,C#CCCOCC(=O)Nc1cc(C)c(Cl)cc1N,IZPOACNKCLINPU-UHFFFAOYSA-N,1,1,{113521},[],1,{1},[74575],"{10154, 86695}",Ester_amidation,[2924]
87992,C#CCCOCC(=O)Nc1c(F)ccc(F)c1N,GXKYAPBCDKGKQC-UHFFFAOYSA-N,1,1,{113514},[],1,{1},[74568],"{10131, 86695}",Ester_amidation,[2924]
87957,COC(C(=O)O)C(=O)Nc1cc(C)cc(C)c1N,LUUIWRLADWBGPF-UHFFFAOYSA-N,1,1,{113470},[],1,{1},[74533],"{16017, 86370}",Ester_amidation,[2924]
87937,COC(C(=O)O)C(=O)Nc1ccc(C)c(F)c1N,KQVACLMGGWFUAH-UHFFFAOYSA-N,1,2,"{113448, 113447}",[],1,{1},[74513],"{11001, 16017}",Ester_amidation,[2924]
87928,C#CCCOCC(=O)Nc1cc(Br)ccc1NC,XYXVYUBGKHRLOY-UHFFFAOYSA-N,1,1,{113437},[],1,{1},[74504],"{86307, 86695}",Ester_amidation,[2924]
87926,C#CCCOCC(=O)Nc1c(N)ccc(Br)c1O,VWTXIZQFUZQASV-UHFFFAOYSA-N,1,1,{113435},[],1,{1},[74502],"{10330, 86695}",Ester_amidation,[2924]
87924,C#CCCOCC(=O)Nc1cc(C)c(Br)cc1N,YFQOLVILWBTSKO-UHFFFAOYSA-N,1,1,{113433},[],1,{1},[74500],"{10157, 86695}",Ester_amidation,[2924]
87919,COC(C(=O)O)C(=O)Nc1ccc(F)c(C)c1N,SRZPFJCZOPWMDC-UHFFFAOYSA-N,1,2,"{113428, 113429}",[],1,{1},[74496],"{10968, 16017}",Ester_amidation,[2924]
87892,Nc1c(F)ccc(F)c1NC(=O)COCC(=O)O,KRZFZDSZHOMBNJ-UHFFFAOYSA-N,1,1,{113400},[],1,{1},[74469],"{10131, 16038}",Ester_amidation,[2924]
87883,Cc1cc(C)c(N)c(NC(=O)COCC(=O)O)c1,IWWPOOGCKHEVDC-UHFFFAOYSA-N,1,1,{113391},[],1,{1},[74460],"{86370, 16038}",Ester_amidation,[2924]
87862,COC(C(=O)O)C(=O)Nc1cc(Br)cc(O)c1N,GSROXVPFZXGRTG-UHFFFAOYSA-N,1,2,"{113360, 113361}",[],1,{1},[74439],"{16017, 10327}",Ester_amidation,[2924]
87860,COC(C(=O)O)C(=O)Nc1cc(C)c(Br)cc1N,ZLQRFBZKXWICOT-UHFFFAOYSA-N,1,2,"{113356, 113357}",[],1,{1},[74437],"{16017, 10157}",Ester_amidation,[2924]
87839,O=C(O)COCC(=O)N1CCNc2ccccc21,MEIUDYWQVZOFPL-UHFFFAOYSA-N,1,1,{113328},[],1,{1},[74416],"{10147, 16038}",Ester_amidation,[2924]
87829,COC(C(=O)O)C(=O)Nc1cc(C)c(Cl)cc1N,JCWBFLBGTBHRSK-UHFFFAOYSA-N,1,2,"{113314, 113315}",[],1,{1},[74406],"{16017, 10154}",Ester_amidation,[2924]
87828,COC(C(=O)O)C(=O)Nc1cc(Cl)c(C)cc1N,ANUHNKISDQULEP-UHFFFAOYSA-N,1,1,{113313},[],1,{1},[74405],"{16017, 10154}",Ester_amidation,[2924]
87818,Cc1c(F)ccc(N)c1NC(=O)COCC(=O)O,SZHGKJCOJLVIRF-UHFFFAOYSA-N,1,1,{113297},[],1,{1},[74395],"{10968, 16038}",Ester_amidation,[2924]
87817,CNc1ccc(Br)cc1NC(=O)COCC(=O)O,SKDNDXXNADBTDG-UHFFFAOYSA-N,1,1,{113296},[],1,{1},[74394],"{86307, 16038}",Ester_amidation,[2924]
87815,Cc1cc(NC(=O)COCC(=O)O)c(N)cc1Cl,WAEGUKURAJFLEH-UHFFFAOYSA-N,1,1,{113294},[],1,{1},[74392],"{10154, 16038}",Ester_amidation,[2924]
87802,Cc1cc(NC(=O)COCC(=O)O)c(N)cc1Br,YWKMMRALRQKNCR-UHFFFAOYSA-N,1,1,{113281},[],1,{1},[74379],"{10157, 16038}",Ester_amidation,[2924]
87797,CN(C(=O)COCC(=O)O)c1cccc(Br)c1N,LJQFDSSOPPYCCR-UHFFFAOYSA-N,1,1,{113276},[],1,{1},[74374],"{86282, 16038}",Ester_amidation,[2924]
87768,Nc1c(F)ccc(F)c1NC(=O)COCCCBr,PXJQHGGTKOSVMC-UHFFFAOYSA-N,1,1,{113247},[],1,{1},[74343],"{10131, 86686}",Ester_amidation,[2924]
87721,CNc1ccc(Br)cc1NC(=O)COCCCBr,SVXLUKYVXXRZGS-UHFFFAOYSA-N,1,1,{113200},[],1,{1},[74296],"{86307, 86686}",Ester_amidation,[2924]
87703,Cc1cc(C)c(N)c(NC(=O)COCCCBr)c1,FGFNNUDIQTWIFI-UHFFFAOYSA-N,1,1,{113182},[],1,{1},[74278],"{86370, 86686}",Ester_amidation,[2924]
87504,NCC1(C(=O)Nc2cccc(O)c2N)CCCO1,RLKWETSAWOSHQL-UHFFFAOYSA-N,1,1,{112968},[],1,{1},[74080],"{87483, 8692}",Ester_amidation,[2924]
87503,NCC1(C(=O)Nc2cc(F)ccc2N)CCCO1,ARBRSTMDRKEVRO-UHFFFAOYSA-N,1,2,"{112966, 112967}",[],1,{1},[74079],"{87483, 8757}",Ester_amidation,[2924]
87499,NCC1(C(=O)Nc2cc(Br)ccc2N)CCCO1,UCJKNRQJQMEXSC-UHFFFAOYSA-N,1,1,{112959},[],1,{1},[74075],"{8673, 87483}",Ester_amidation,[2924]
87468,CC1(C(=O)Nc2cccc(O)c2N)CNCCO1,VTWXIJSNSCBZPV-UHFFFAOYSA-N,1,2,"{112922, 112923}",[],1,{1},[74045],"{8692, 87461}",Ester_amidation,[2924]
87272,O=C(COCCO)N1CCNc2ccccc21,IWYCIHQMGCNINY-UHFFFAOYSA-N,1,1,{112652},[],1,{1},[73843],"{86571, 10147}",Ester_amidation,[2924]
87248,CNc1ccc(Br)cc1NC(=O)COCCO,QXAPGGAADJSTOB-UHFFFAOYSA-N,1,1,{112626},[],1,{1},[73819],"{86571, 86307}",Ester_amidation,[2924]
87244,Cc1cc(NC(=O)COCCO)c(N)cc1Br,SNOJPODTDPQAQD-UHFFFAOYSA-N,1,1,{112622},[],1,{1},[73815],"{86571, 10157}",Ester_amidation,[2924]
87243,CN(C(=O)COCCO)c1cccc(Br)c1N,QRWLQPGNBNPMLA-UHFFFAOYSA-N,1,1,{112621},[],1,{1},[73814],"{86282, 86571}",Ester_amidation,[2924]
87094,Nc1c(O)cc(Br)cc1NC(=O)COCCCl,MVYJGPSIQNUZKE-UHFFFAOYSA-N,1,1,{112469},[],1,{1},[73652],"{86597, 10327}",Ester_amidation,[2924]
87092,Cc1cc(C)c(N)c(NC(=O)COCCCl)c1,AXXFPZQEQDQFFS-UHFFFAOYSA-N,1,1,{112467},[],1,{1},[73650],"{86370, 86597}",Ester_amidation,[2924]
87080,CN(C(=O)COCCCl)c1cccc(Br)c1N,RZBDCKCLJLDBRI-UHFFFAOYSA-N,1,1,{112455},[],1,{1},[73628],"{86282, 86597}",Ester_amidation,[2924]
87079,Cc1cc(NC(=O)COCCCl)c(N)cc1Br,PUMLKNXHOPTBRV-UHFFFAOYSA-N,1,1,{112454},[],1,{1},[73627],"{86597, 10157}",Ester_amidation,[2924]
87069,Cc1cc(NC(=O)COCCCl)c(N)cc1Cl,XZZVKXLNVWBMPC-UHFFFAOYSA-N,1,1,{112444},[],1,{1},[73617],"{10154, 86597}",Ester_amidation,[2924]
86983,Nc1c(F)ccc(F)c1NC(=O)COCCBr,YMBZGAAHSLMAFC-UHFFFAOYSA-N,1,1,{112293},[],1,{1},[73517],"{86594, 10131}",Ester_amidation,[2924]
86951,Cc1cc(C)c(N)c(NC(=O)COCCBr)c1,FRPTUXZKSBAZAK-UHFFFAOYSA-N,1,1,{112261},[],1,{1},[73485],"{86370, 86594}",Ester_amidation,[2924]
86914,COC(C(=O)O)C(=O)Nc1cccc(O)c1N,NRRXMCJESIFXHJ-UHFFFAOYSA-N,1,2,"{112220, 112221}",[],1,{1},[73447],"{16017, 8692}",Ester_amidation,[2924]
86911,COC(C(=O)O)C(=O)Nc1cc(F)ccc1N,KCEABFDGOAFJOU-UHFFFAOYSA-N,1,2,"{112216, 112215}",[],1,{1},[73444],"{16017, 8757}",Ester_amidation,[2924]
86903,Nc1c(F)ccc(F)c1NC(=O)COCCCl,QCFMJIGZIHFMFK-UHFFFAOYSA-N,1,1,{112207},[],1,{1},[73435],"{10131, 86597}",Ester_amidation,[2924]
86870,CN(C(=O)COCCBr)c1cccc(Br)c1N,HRQJSIGOXWYUBM-UHFFFAOYSA-N,1,1,{112174},[],1,{1},[73396],"{86282, 86594}",Ester_amidation,[2924]
86869,Cc1cc(NC(=O)COCCBr)c(N)cc1Br,PAVUAZWEWYAGKC-UHFFFAOYSA-N,1,1,{112173},[],1,{1},[73395],"{86594, 10157}",Ester_amidation,[2924]
86853,CNc1ccc(Br)cc1NC(=O)COCCBr,FGRFEFUBCMPGIU-UHFFFAOYSA-N,1,1,{112157},[],1,{1},[73379],"{86594, 86307}",Ester_amidation,[2924]
86804,Nc1ccc(Br)cc1NC(=O)C1CNCCO1,NYILPPPJQBQITB-UHFFFAOYSA-N,1,2,"{112101, 112102}",[],1,{1},[73313],"{8673, 86797}",Ester_amidation,[2924]
86750,Nc1c(O)cccc1NC(=O)COCC(=O)O,FPMXBOCQXWTVPM-UHFFFAOYSA-N,1,1,{112039},[],1,{1},[73261],"{8692, 16038}",Ester_amidation,[2924]
86735,C#CCCOCC(=O)Nc1cccc(O)c1N,PKTWDSCFQJZZTK-UHFFFAOYSA-N,1,1,{112025},[],1,{1},[73247],"{8692, 86695}",Ester_amidation,[2924]
86732,C#CCCOCC(=O)Nc1cc(Br)ccc1N,ARGPPKUKYCWQTD-UHFFFAOYSA-N,1,1,{112022},[],1,{1},[73244],"{8673, 86695}",Ester_amidation,[2924]
86719,Nc1ccc(F)cc1NC(=O)COCC(=O)O,BDPKCRSGIATMPA-UHFFFAOYSA-N,1,1,{112010},[],1,{1},[73232],"{8757, 16038}",Ester_amidation,[2924]
86620,Nc1ccc(F)cc1NC(=O)COCCCl,RNCLVKKWQHVMFE-UHFFFAOYSA-N,1,1,{111914},[],1,{1},[73136],"{86597, 8757}",Ester_amidation,[2924]
86617,Nc1ccc(Br)cc1NC(=O)COCCBr,YMVVCTABHARGNX-UHFFFAOYSA-N,1,1,{111911},[],1,{1},[73133],"{8673, 86594}",Ester_amidation,[2924]
86601,Nc1ccc(F)cc1NC(=O)COCCBr,AWWVSHZULFZCTJ-UHFFFAOYSA-N,1,1,{111893},[],1,{1},[73118],"{86594, 8757}",Ester_amidation,[2924]
86600,Nc1c(O)cccc1NC(=O)COCCBr,IZPUJPRULKUEBO-UHFFFAOYSA-N,1,1,{111892},[],1,{1},[73117],"{86594, 8692}",Ester_amidation,[2924]
86598,Nc1ccc(Br)cc1NC(=O)COCCCl,RJUBONUMJUCCHC-UHFFFAOYSA-N,1,1,{111890},[],1,{1},[73115],"{8673, 86597}",Ester_amidation,[2924]
86577,Nc1c(O)cccc1NC(=O)COCCO,JDTXKENCTSBGRX-UHFFFAOYSA-N,1,1,{111871},[],1,{1},[73095],"{86571, 8692}",Ester_amidation,[2924]
86498,Nc1c(F)ccc(F)c1NC(=O)C1CO1,CUPDSSDDLVQSFN-UHFFFAOYSA-N,1,2,"{111754, 111755}",[],1,{1},[72941],"{86242, 10131}",Ester_amidation,[2924]
86444,Cc1cc(C)c(N)c(NC(=O)C2CO2)c1,AAFUEJKMNBWZKX-UHFFFAOYSA-N,1,2,"{111674, 111675}",[],1,{1},[72887],"{86242, 86370}",Ester_amidation,[2924]
86317,O=C(C1CO1)N1CCNc2ccccc21,SILQUNODIYOWIA-UHFFFAOYSA-N,1,2,"{111500, 111501}",[],1,{1},[72768],"{86242, 10147}",Ester_amidation,[2924]
86308,CNc1ccc(Br)cc1NC(=O)C1CO1,FNFCZSIVCRCIDW-UHFFFAOYSA-N,1,2,"{111489, 111490}",[],1,{1},[72760],"{86242, 86307}",Ester_amidation,[2924]
86273,Nc1ccc(Br)cc1NC(=O)C1CO1,JDKXBLFATRSLCT-UHFFFAOYSA-N,1,2,"{111445, 111446}",[],1,{1},[72730],"{8673, 86242}",Ester_amidation,[2924]
86255,Nc1c(O)cccc1NC(=O)C1CO1,STRGXLKGHQZJGB-UHFFFAOYSA-N,1,2,"{111416, 111415}",[],1,{1},[72702],"{86242, 8692}",Ester_amidation,[2924]
80008,Cn1c(O)nc2c(C(C)(C)C3CC3)cccc21,GQFFNIPUVZGZPS-UHFFFAOYSA-N,1,1,{103460},[],1,{1},[66465],"{52920, 78623}",Sp3-sp2_Suzuki_coupling,[1128]
79999,Cn1c(N)nc2cccc(C3(CCO)CC3)c21,PJOXGRXNBSXXOG-UHFFFAOYSA-N,1,1,{103442},[],1,{1},[66456],"{52914, 4530}",Sp3-sp2_Suzuki_coupling,[1128]
79877,Cn1c(O)nc2c(C3(C)CC3(C)C)cccc21,SPTWMNWAOBYAAT-UHFFFAOYSA-N,1,2,"{103237, 103238}",[],1,{1},[66330],"{52908, 78623}",Sp3-sp2_Suzuki_coupling,[1128]
79874,Cn1c(O)nc2c(C3(CCO)CC3)cccc21,JHSGYCSLMCXIBE-UHFFFAOYSA-N,1,1,{103230},[],1,{1},[66327],"{52914, 78623}",Sp3-sp2_Suzuki_coupling,[1128]
79409,Cn1c(N)nc2cccc(C3CCOC3)c21,FWDBUVWOVNEZHG-UHFFFAOYSA-N,1,2,"{102566, 102567}",[],1,{1},[65831],"{4530, 78851}",Sp3-sp2_Suzuki_coupling,[1128]
79268,Cn1cnc2cccc(C3(C)CC3(C)C)c21,LEIXFELPTIRADX-UHFFFAOYSA-N,1,2,"{102365, 102366}",[],1,{1},[65668],"{52908, 78582}",Sp3-sp2_Suzuki_coupling,[1128]
79264,Cn1cnc2cccc(C3(CCO)CC3)c21,IJJCWSBLSYJQAV-UHFFFAOYSA-N,1,1,{102358},[],1,{1},[65665],"{52914, 78582}",Sp3-sp2_Suzuki_coupling,[1128]
79238,Cn1cnc2cccc(C(C)(C)C3CC3)c21,GPVLNAZKLVSMSD-UHFFFAOYSA-N,1,1,{102330},[],1,{1},[65640],"{52920, 78582}",Sp3-sp2_Suzuki_coupling,[1128]
79083,Cn1c(C2CC2(C)C)nc2c(Br)cccc21,DYQZTXOXVNFDMU-UHFFFAOYSA-N,1,2,"{102137, 102138}",[],1,{1},[65484],"{54254, 78631}",Sp3-sp2_Suzuki_coupling,[1128]
79082,Cn1c(Cl)nc2c(C3CC3(C)C)cccc21,HAXOKYHPHJGBGQ-UHFFFAOYSA-N,1,2,"{102136, 102135}",[],1,{1},[65483],"{54254, 78631}",Sp3-sp2_Suzuki_coupling,[1128]
78960,Cn1c(O)nc2c(C3CCOC3)cccc21,VGCMHDIRTGGDAV-UHFFFAOYSA-N,1,2,"{101976, 101975}",[],1,{1},[65352],"{78851, 78623}",Sp3-sp2_Suzuki_coupling,[1128]
78953,Cn1c(O)nc2c(C3CC3(C)C)cccc21,UITUCYUSGMGMBQ-UHFFFAOYSA-N,1,2,"{101968, 101967}",[],1,{1},[65343],"{54254, 78623}",Sp3-sp2_Suzuki_coupling,[1128]
78892,Cn1cnc2cccc(C3CCOC3)c21,MWVVXSOOQNZYQI-UHFFFAOYSA-N,1,2,"{101888, 101889}",[],1,{1},[65273],"{78851, 78582}",Sp3-sp2_Suzuki_coupling,[1128]
78763,Cn1c(O)nc2c(C(C)(C)C)cccc21,OECAZDKJZSGKQB-UHFFFAOYSA-N,1,1,{101747},[],1,{1},[65128],"{4507, 78623}",Sp3-sp2_Suzuki_coupling,[1128]
78738,CCC(C)c1cccc2nc(N)n(C)c12,VWIDBLALGKFOAL-UHFFFAOYSA-N,1,2,"{101717, 101718}",[],1,{1},[65103],"{4530, 78612}",Sp3-sp2_Suzuki_coupling,[1128]
78698,CCC(C)c1cccc2c1nc(Cl)n2C,QDKYIYCJKKBVPL-UHFFFAOYSA-N,1,2,"{101673, 101674}",[],1,{1},[65050],"{78612, 78631}",Sp3-sp2_Suzuki_coupling,[1128]
78697,CCC(C)c1nc2c(Br)cccc2n1C,PESHYLFVQWQJCX-UHFFFAOYSA-N,1,1,{101672},[],1,{1},[65049],"{78612, 78631}",Sp3-sp2_Suzuki_coupling,[1128]
78634,CC(C)c1nc2c(Br)cccc2n1C,IXJSJFAULWMXMP-UHFFFAOYSA-N,1,1,{101612},[],1,{1},[64990],"{4558, 78631}",Sp3-sp2_Suzuki_coupling,[1128]
78633,CC(C)c1cccc2c1nc(Cl)n2C,DNKORNSFUCJWJH-UHFFFAOYSA-N,1,1,{101611},[],1,{1},[64989],"{4558, 78631}",Sp3-sp2_Suzuki_coupling,[1128]
78613,CCC(C)c1cccc2ncn(C)c12,ONCPZYCPBHTNCE-UHFFFAOYSA-N,1,2,"{101592, 101591}",[],1,{1},[64962],"{78612, 78582}",Sp3-sp2_Suzuki_coupling,[1128]
78611,Cn1cnc2cccc(C(C)(C)C)c21,WOWPZLIHNPVFBH-UHFFFAOYSA-N,1,1,{101590},[],1,{1},[64964],"{4507, 78582}",Sp3-sp2_Suzuki_coupling,[1128]
78584,CC(C)c1cccc2ncn(C)c12,QRDIGKZLTSUQGD-UHFFFAOYSA-N,1,1,{101570},[],1,{1},[64943],"{78582, 4558}",Sp3-sp2_Suzuki_coupling,[1128]
78181,COc1ccc2c(n1)C(C(=O)Nc1c(C(N)=O)ccnc1Cl)CC2,FWVNRWMKWQUQRA-UHFFFAOYSA-N,1,2,"{101012, 101013}",[],1,{1},[64553],"{37819, 77054}",Amidation,[1012]
77897,COc1ccc2c(n1)C(C(=O)Nc1nc(C)cc(C)c1N)CC2,IWXKXWVDDUMLMO-UHFFFAOYSA-N,1,2,"{100566, 100567}",[],1,{1},[64270],"{37753, 77054}",Amidation,[1012]
77896,COc1ccc2c(n1)C(C(=O)Nc1c(C)cc(C)nc1N)CC2,JPADOZSEHHWQDT-UHFFFAOYSA-N,1,2,"{100564, 100565}",[],1,{1},[64269],"{37753, 77054}",Amidation,[1012]
77344,CCOc1cccc(CC(=O)Nc2nc(C)cc(C)c2N)n1,CADBEVWNDLQHRN-UHFFFAOYSA-N,1,1,{99665},[],1,{1},[63717],"{37753, 77003}",Amidation,[1012]
77145,CCOc1cccc(CC(=O)Nc2cnccc2C=O)n1,ZHNPQRSQNILQOL-UHFFFAOYSA-N,1,1,{99228},[],1,{1},[63521],"{37563, 77003}",Amidation,[1012]
73682,COc1cc(N)ccc1C(=O)Nc1ccc(O)c(C#N)c1F,FQKBIJKKBQUYQU-UHFFFAOYSA-N,1,1,{94659},[],1,{1},[60134],"{4497, 72797}",Ester_amidation,[3627]
73208,COc1cc(N)ccc1C(=O)Nc1ccc(O)cc1SC,UNCIXGISVFDVJK-UHFFFAOYSA-N,1,1,{94196},[],1,{1},[59618],"{10364, 72797}",Ester_amidation,[3627]
72876,COc1cc(N)ccc1C(=O)Nc1ccc(O)cc1Cl,UFLPSEPCAKMZPE-UHFFFAOYSA-N,1,1,{93891},[],1,{1},[59292],"{9132, 72797}",Ester_amidation,[3627]
72798,COc1cc(N)ccc1C(=O)Nc1ccc(O)cc1,PHARUNZZHKVOCV-UHFFFAOYSA-N,1,1,{93814},[],1,{1},[59215],"{4452, 72797}",Ester_amidation,[3627]
72447,Cn1c(=O)[nH]c2cc(C(=O)Nc3cccc(OC(F)F)c3)cc(Cl)c21,KKISRMWWHNVBNR-UHFFFAOYSA-N,1,1,{93462},[],1,{1},[58867],"{11765, 68670}",Amidation,[2919]
72442,Cn1c(=O)[nH]c2cc(C(=O)Nc3c(F)cccc3C(=O)O)cc(Cl)c21,KLCYCPSZXZGYFU-UHFFFAOYSA-N,1,1,{93457},[],1,{1},[58862],"{11755, 68670}",Amidation,[2919]
72286,O=C(Nc1cccc(OC(F)F)c1)c1cc(Cl)c2nc(O)[nH]c2c1,AKCIKYZKMUNPET-UHFFFAOYSA-N,1,1,{93298},[],1,{1},[58706],"{11765, 68261}",Amidation,[2919]
71911,Cn1c(=O)[nH]c2cc(C(=O)Nc3ccc(Br)c(Cl)c3Cl)cc(Cl)c21,XAIYILNYGOPPFC-UHFFFAOYSA-N,1,1,{92892},[],1,{1},[58331],"{10944, 68670}",Amidation,[2919]
71676,COc1cc(F)cc(NC(=O)c2cc(Cl)c3c(c2)[nH]c(=O)n3C)c1,AGJITVDMQYSHPF-UHFFFAOYSA-N,1,1,{92585},[],1,{1},[58097],"{10812, 68670}",Amidation,[2919]
71026,Cc1cc(F)c(Br)cc1NC(=O)c1cc(Cl)c2nc(O)[nH]c2c1,YXVDQKNPOQPANJ-UHFFFAOYSA-N,1,1,{91932},[],1,{1},[57447],"{10802, 68261}",Amidation,[2919]
70977,CSc1cc(O)ccc1NC(=O)c1cc(Cl)c2nc(O)[nH]c2c1,SORNEFMINAHBBF-UHFFFAOYSA-N,1,1,{91882},[],1,{1},[57398],"{10364, 68261}",Amidation,[2919]
64738,CC1CNC(C)(C)CN1C(=O)c1cccc(F)c1N,TZHLSDJFAJWYMI-UHFFFAOYSA-N,1,2,"{81430, 81431}",[],1,{1},[51827],"{11755, 63692}",Amidation,[1316]
63694,CC1CNC(C)(C)CN1C(=O)c1cccc(F)c1,BGKDZCHNYRSKOP-UHFFFAOYSA-N,1,2,"{79155, 79156}",[],1,{1},[50797],"{63692, 4534}",Amidation,[1316]
63534,CCC1CN(C(=O)c2cccc(F)c2N)CCN1,BIFDCTKTMMWBOQ-UHFFFAOYSA-N,1,2,"{78907, 78908}",[],1,{1},[50683],"{11755, 63078}",Amidation,[1316]
63079,CCC1CN(C(=O)c2cccc(F)c2)CCN1,JVKYNUIXTMQEJZ-UHFFFAOYSA-N,1,2,"{78109, 78110}",[],1,{1},[50331],"{63078, 4534}",Amidation,[1316]
54021,O=C(O)C12C3C4C1C1C2C3C41c1nc2ccccc2nc1Br,FCGPZAZMGWRFQE-UHFFFAOYSA-N,1,1,{66559},[],1,{1},[42336],"{52777, 53991}",Sp3-sp2_Suzuki_coupling,[1473]
53785,c1ccc2nc(C34CC(C5CCCC5)(C3)C4)cnc2c1,CPUZRNWBYJLVQD-UHFFFAOYSA-N,1,1,{66237},[],1,{1},[42100],"{53784, 4505}",Sp3-sp2_Suzuki_coupling,[1473]
53168,Cc1nc2ccccc2nc1C1(CCO)CC1,HRCACOGSAJOGSI-UHFFFAOYSA-N,1,1,{65255},[],1,{1},[41450],"{52914, 52795}",Sp3-sp2_Suzuki_coupling,[1473]
53151,Cc1nc2ccccc2nc1C1(C)CC1(C)C,LKKVZVULZQADPF-UHFFFAOYSA-N,1,2,"{65237, 65238}",[],1,{1},[41438],"{52795, 52908}",Sp3-sp2_Suzuki_coupling,[1473]
53082,OCCC1(c2cnc3c(F)cccc3n2)CC1,QPXBNSAIQIHGBE-UHFFFAOYSA-N,1,1,{65157},[],1,{1},[41383],"{52914, 52788}",Sp3-sp2_Suzuki_coupling,[1473]
53023,CC1(C)CC1(C)c1nc2ccccc2nc1Br,WFIUQMJYTMBVKN-UHFFFAOYSA-N,1,2,"{65078, 65079}",[],1,{1},[41318],"{52777, 52908}",Sp3-sp2_Suzuki_coupling,[1473]
52921,CC(C)(c1cnc2ccccc2n1)C1CC1,LCHOZVVOEXGRNP-UHFFFAOYSA-N,1,1,{64957},[],1,{1},[41201],"{52920, 4505}",Sp3-sp2_Suzuki_coupling,[1473]
52915,OCCC1(c2cnc3ccccc3n2)CC1,UUEBHTHWLMOVGK-UHFFFAOYSA-N,1,1,{64953},[],1,{1},[41198],"{4505, 52914}",Sp3-sp2_Suzuki_coupling,[1473]
52832,CC(C)(C)c1nc2ccccc2nc1Br,HQKZRJJQHIMFLC-UHFFFAOYSA-N,1,1,{64867},[],1,{1},[41103],"{52777, 4507}",Sp3-sp2_Suzuki_coupling,[1473]
52815,CC(C)(C)c1cnc2c(F)cccc2n1,OLWIDISBXMDCPO-UHFFFAOYSA-N,1,1,{64857},[],1,{1},[41088],"{4507, 52788}",Sp3-sp2_Suzuki_coupling,[1473]
52796,Cc1nc2ccccc2nc1C(C)(C)C,WKWFATFSDWZIJI-UHFFFAOYSA-N,1,1,{64840},[],1,{1},[41060],"{52795, 4507}",Sp3-sp2_Suzuki_coupling,[1473]
42200,Oc1ccc(Nc2c(O)cnc3ccccc23)cc1,QLRAGDSSDRKFAN-UHFFFAOYSA-N,1,1,{48198},[],1,{1},[31515],"{4452, 42199}",Buchwald-Hartwig_amination,[3628]
26029,Cn1cc(C(=O)N2CCC2CN)c2ccc(Cl)cc21,XNLNHJGQJVDHLQ-UHFFFAOYSA-N,1,1,{28184},[],1,{1},[18194],"{13585, 4462}",Amidation,[2188]
16039,CC(C)(C)OC(=O)COCC(=O)Nc1cccc(C(=O)NCc2cccs2)c1,SNVFQFGCSUMATQ-UHFFFAOYSA-N,1,1,{17071},[],1,{1},[8356],"{4450, 16038}",Amidation,[2916]
15118,COC(=O)C(=O)Nc1cc(C(=O)NCc2cc(Br)cs2)ccc1N(C)C,SQYARMQYUUUMJU-UHFFFAOYSA-N,1,1,{16091},[],1,{1},[7753],"{15032, 14487}",Amidation,[2916]
15033,COCC(=O)Nc1cc(C(=O)NCc2cc(Br)cs2)ccc1N(C)C,NDWGGWQNXHVILB-UHFFFAOYSA-N,1,1,{16006},[],1,{1},[7695],"{15032, 4449}",Amidation,[2916]
14864,CCOC1(C(=O)Nc2cccc(C(=O)NCc3cccs3)c2)CCC1,KLOFGNZUJGVABJ-UHFFFAOYSA-N,1,1,{15852},[],1,{1},[7596],"{4450, 14863}",Amidation,[2916]
14664,O=C(NCc1cccs1)c1cccc(NC(=O)C2CC=CCO2)c1,CGPJYDYSIFLRHX-UHFFFAOYSA-N,1,2,"{15682, 15683}",[],1,{1},[7486],"{4450, 14663}",Amidation,[2916]
14488,COC(=O)C(=O)Nc1cccc(C(=O)NCc2cccs2)c1,KFTGNVACZZQQFY-UHFFFAOYSA-N,1,1,{15537},[],1,{1},[7394],"{4450, 14487}",Amidation,[2916]
7302,CCOc1nc(C(F)(F)F)ccc1C(=O)N1CCc2nc(O)c(C(N)=O)cc2C1,UVIIMXXEOMVPAQ-UHFFFAOYSA-N,1,1,{9646},[],1,{1},[2612],"{6248, 6156}",Amidation,[653]
6099,CCOc1nc(Cl)ccc1C(=O)N1CCCCC1c1ccc(O)nc1,DVBHLIDWCNHTBP-UHFFFAOYSA-N,1,2,"{8233, 8234}",[],1,{1},[1463],"{5801, 6089}",Amidation,[653]
