hippo_id,smiles,inchikey,required_amount_mg,quoted_amount,quote_currency,quote_price,quote_lead_time_days,quote_supplier,quote_catalogue,quote_entry,quoted_smiles,quoted_purity,num_reaction_dependencies,num_product_dependencies,reaction_dependencies,product_dependencies,chemistry_types,scaffold_series
85,NC(=O)c1ccnc(NC2CC=CC2)c1,NDEZMUYBKJXUGJ-UHFFFAOYSA-N,60.0,100.0,EUR,193.0,5,Enamine,In stock,EN300-7513505,NC(=O)c1ccnc(NC2CC=CC2)c1,0.95,6,6,"[103, 63375, 63376, 63379, 63381, 63382]","[93, 76982, 76984, 76990, 76994, 76996]",Buchwald-Hartwig_amidation_with_amide-like_nucleophile,[93]
4554,CCc1nc(Br)no1,WBNVODTUMQHJMO-UHFFFAOYSA-N,10.0,20.0,EUR,24.0,5,Enamine,In stock,EN300-7282221,CCc1nc(Br)no1,0.95,1,1,[103],[93],Buchwald-Hartwig_amidation_with_amide-like_nucleophile,[93]
4466,O=S1(=O)CCC(CCl)C1,UCPALMJXNYQPBD-UHFFFAOYSA-N,7.0,20.0,EUR,34.0,5,Enamine,In stock,EN300-1448603,O=S1(=O)CCC(CCl)C1,0.95,7,7,"[29, 20793, 20933, 20934, 21323, 21327, 21501]","[95, 28801, 29052, 29053, 29774, 29780, 30095]",Nucleophilic_substitution_with_amine,[95]
4467,O=c1ccnc[nH]1,DNCYBUMDUBHIJZ-UHFFFAOYSA-N,1.0,20.0,EUR,17.0,5,Enamine,In stock,EN300-67372,O=c1ccnc[nH]1,0.95,1,1,[29],[95],Nucleophilic_substitution_with_amine,[95]
4440,NCc1cccs1,FKKJJPMGAWGYPN-UHFFFAOYSA-N,12.0,20.0,EUR,17.0,5,Enamine,In stock,EN300-20989,NCc1cccs1,0.95,3,3,"[82, 18687, 19288]","[104, 26522, 27123]","Buchwald-Hartwig_amination, Amidation",[2188]
4530,Cn1c(N)nc2cccc(Br)c21,FQBUUUIKMZYPJZ-UHFFFAOYSA-N,20.0,20.0,EUR,148.0,5,Enamine,In stock,EN300-3045078,Cn1c(N)nc2cccc(Br)c21,0.95,2,2,"[82, 47751]","[104, 59563]",Buchwald-Hartwig_amination,[104]
4445,OB(O)c1ccn[nH]1,NEUWPDLMDVINSN-UHFFFAOYSA-N,2.0,20.0,EUR,17.0,5,Enamine,In stock,EN300-200298,OB(O)c1ccn[nH]1,0.95,2,2,"[14, 37]","[796, 3284]",Sp2-sp2_Suzuki_coupling,"[796, 3284]"
4480,Nc1cc(Br)cc2c1OCO2,TYSVFBOLGCFLGI-UHFFFAOYSA-N,4.0,20.0,EUR,126.0,5,Enamine,In stock,EN300-814497,Nc1cc(Br)cc2c1OCO2,0.95,4,4,"[37, 29609, 29677, 29817]","[796, 40371, 40492, 40715]",Sp2-sp2_Suzuki_coupling,[796]
4545,Cc1c[nH]c2ncc(C(=O)O)c-2c1,MHTZMYMOQLUMHK-UHFFFAOYSA-N,10.0,20.0,EUR,75.0,5,Enamine,In stock,EN300-3039886,Cc1c[nH]c2ncc(C(=O)O)c-2c1,0.95,1,1,[94],[1001],Steglich_esterification,[1001]
4546,CO,OKKJLVBELUTLKV-UHFFFAOYSA-N,10.0,20.0,EUR,15.0,5,Enamine,In stock,EN300-22292,CO,0.95,1,1,[94],[1001],Steglich_esterification,[1001]
4557,Brc1cccc2[nH]cnc12,MUQFMGBYYAOIJK-UHFFFAOYSA-N,1.0,20.0,EUR,17.0,5,Enamine,In stock,EN300-115752,Brc1cccc2[nH]cnc12,0.95,1,1,[105],[1128],Sp3-sp2_Suzuki_coupling,[1128]
4558,CC(C)B(O)O,QIPHSSYCQCBJAX-UHFFFAOYSA-N,5.0,20.0,EUR,17.0,5,Enamine,In stock,EN300-74363,CC(C)B(O)O,0.95,5,5,"[105, 64940, 64974, 64989, 64990]","[1128, 78580, 78624, 78633, 78634]",Sp3-sp2_Suzuki_coupling,[1128]
4534,O=C(O)c1cccc(F)c1,MXNBDFWNYRNIBH-UHFFFAOYSA-N,4.0,20.0,EUR,17.0,5,Enamine,In stock,EN300-20215,O=C(O)c1cccc(F)c1,0.95,4,4,"[85, 50324, 50336, 50802]","[1316, 63063, 63089, 63705]",Amidation,[1316]
4535,CC1CNCCN1,JOMNTHCQHJPVAZ-UHFFFAOYSA-N,7.0,20.0,EUR,17.0,5,Enamine,In stock,EN300-20726,CC1CNCCN1,0.95,7,7,"[85, 50300, 50315, 50335, 50399, 50440, 50452]","[1316, 62996, 63041, 63088, 63177, 63238, 63250]",Amidation,[1316]
4505,Brc1cnc2ccccc2n1,XVKLMYQMVPHUPN-UHFFFAOYSA-N,4.0,20.0,EUR,17.0,5,Enamine,In stock,EN300-78716,Brc1cnc2ccccc2n1,0.95,4,4,"[61, 41198, 41199, 41772]","[1473, 52915, 52917, 53479]",Sp3-sp2_Suzuki_coupling,[1473]
4507,CC(C)(C)B1OC(C)(C)C(C)(C)O1,ZQEPUUOQJIWIFJ-UHFFFAOYSA-N,7.0,20.0,EUR,17.0,5,Enamine,In stock,EN300-316304,CC(C)(C)B1OC(C)(C)C(C)(C)O1,0.95,7,7,"[61, 41060, 41483, 41511, 64980, 65016, 65128]","[1473, 52796, 53203, 53230, 78628, 78660, 78763]",Sp3-sp2_Suzuki_coupling,"[1128, 1473]"
84,O=c1cc(Br)cc[nH]1,SSLMGOKTIUIZLY-UHFFFAOYSA-N,5.0,20.0,EUR,17.0,5,Enamine,In stock,EN300-87234,O=c1cc(Br)cc[nH]1,0.98,5,5,"[33, 22901, 22920, 22923, 23185]","[1917, 31632, 31654, 31658, 31955]",Nucleophilic_substitution_with_amine,[1917]
4472,CCc1nc(CCl)no1,PGYXLMWYFOXGGN-UHFFFAOYSA-N,4.0,20.0,EUR,26.0,5,Enamine,In stock,EN300-28273,CCc1nc(CCl)no1,0.95,4,4,"[33, 22896, 22898, 22900]","[1917, 31622, 31626, 31630]",Nucleophilic_substitution_with_amine,[1917]
4449,COCC(=O)O,RMIODHQZRUFFFF-UHFFFAOYSA-N,4.0,20.0,EUR,17.0,5,Enamine,In stock,EN300-20233,COCC(=O)O,0.98,3,4,"[17, 54, 7402]","[2916, 14504, 48234, 48408]",Amidation,"[2916, 3611]"
4450,Nc1cccc(C(=O)NCc2cccs2)c1,LPHNZBMRZOBHES-UHFFFAOYSA-N,8.0,20.0,EUR,53.0,5,Enamine,In stock,EN300-115133,Nc1cccc(C(=O)NCc2cccs2)c1,0.98,8,8,"[17, 7401, 7409, 7412, 7459, 7461, 7714, 8109]","[2916, 14502, 14518, 14524, 14611, 14615, 15060, 15707]",Amidation,[2916]
4439,Nc1ccccc1,PAYRUJLWNCNPSJ-UHFFFAOYSA-N,10.0,20.0,EUR,17.0,5,Enamine,In stock,EN300-33390,Nc1ccccc1,0.98,1,1,[108],[2925],Buchwald-Hartwig_amination,[2925]
4451,Cc1cccc(O)c1I,SQQLELZQLWQUEP-UHFFFAOYSA-N,50.0,50.0,EUR,179.0,5,Enamine,In stock,EN300-125193,Cc1cccc(O)c1I,0.95,5,5,"[18, 108, 8974, 8976, 67439]","[2925, 3625, 16778, 16781, 81003]",Buchwald-Hartwig_amination,"[2925, 3625]"
4444,Oc1cc2c(cc1Br)OCO2,TUYBCLHMZFLWRY-UHFFFAOYSA-N,1.0,20.0,EUR,116.0,5,Enamine,In stock,EN300-1997124,Oc1cc2c(cc1Br)OCO2,0.95,1,1,[14],[3284],Sp2-sp2_Suzuki_coupling,[3284]
4476,Nc1cc(O)ccc1Br,JJNOHJJIVAVDLP-UHFFFAOYSA-N,12.0,20.0,EUR,17.0,5,Enamine,In stock,EN300-725111,Nc1cc(O)ccc1Br,0.95,3,3,"[35, 4517, 57556]","[3624, 10036, 71135]","Amidation, Buchwald-Hartwig_amidation_with_amide-like_nucleophile","[2919, 2944]"
4477,COCC(N)=O,MTEZLAATISORQK-UHFFFAOYSA-N,10.0,20.0,EUR,34.0,5,Enamine,In stock,EN300-15623,COCC(N)=O,0.95,1,1,[35],[3624],Buchwald-Hartwig_amidation_with_amide-like_nucleophile,[3624]
4452,Nc1ccc(O)cc1,PLIKAWJENQZMHA-UHFFFAOYSA-N,21.0,50.0,EUR,18.0,5,Enamine,In stock,EN300-33645,Nc1ccc(O)cc1,0.95,3,3,"[18, 43, 59214]","[3625, 3628, 72796]","Buchwald-Hartwig_amination, Ester_amidation","[2925, 3627]"
4483,Oc1cnccc1Br,YCVSFCXUHPVAFH-UHFFFAOYSA-N,50.0,50.0,EUR,18.0,5,Enamine,In stock,EN300-123127,Oc1cnccc1Br,0.95,5,5,"[43, 30156, 30345, 31062, 31088]","[3628, 40898, 41086, 41737, 41763]",Buchwald-Hartwig_amination,[3628]
76981,Brc1noc(C2CC2)n1,SKWIAZWIYKVAIP-UHFFFAOYSA-N,10.0,20.0,EUR,40.0,5,Enamine,In stock,EN300-178808,Brc1noc(C2CC2)n1,0.95,1,1,[63375],[76982],Buchwald-Hartwig_amidation_with_amide-like_nucleophile,[93]
76983,CC(C)c1nc(Br)no1,WIDCHCHGUKABLQ-UHFFFAOYSA-N,10.0,20.0,EUR,28.0,5,Enamine,In stock,EN300-6972785,CC(C)c1nc(Br)no1,0.98,1,1,[63376],[76984],Buchwald-Hartwig_amidation_with_amide-like_nucleophile,[93]
76989,Brc1noc(C2CCC2)n1,BSTMGFYKJQTKSO-UHFFFAOYSA-N,10.0,20.0,EUR,42.0,5,Enamine,In stock,EN300-761563,Brc1noc(C2CCC2)n1,0.95,1,1,[63379],[76990],Buchwald-Hartwig_amidation_with_amide-like_nucleophile,[93]
76993,CC1(c2nc(Br)no2)CCOC1,JRLSECKLAPDOSE-UHFFFAOYSA-N,10.0,20.0,EUR,334.0,5,Enamine,In stock,EN300-5552833,CC1(c2nc(Br)no2)CCOC1,0.95,1,1,[63381],[76994],Buchwald-Hartwig_amidation_with_amide-like_nucleophile,[93]
76995,COC1(c2nc(Br)no2)CCOC1,WPEKSPSGQVCYFT-UHFFFAOYSA-N,10.0,20.0,EUR,281.0,5,Enamine,In stock,EN300-6260537,COC1(c2nc(Br)no2)CCOC1,0.95,1,1,[63382],[76996],Buchwald-Hartwig_amidation_with_amide-like_nucleophile,[93]
4497,N#Cc1c(O)ccc(N)c1F,NEXDFEVXEGICQJ-UHFFFAOYSA-N,20.0,20.0,EUR,334.0,5,Enamine,In stock,EN300-6802393,N#Cc1c(O)ccc(N)c1F,0.95,8,20,"[54, 37122, 37286, 37302, 37347, 37488, 60243, 62949]","[48234, 48408, 48483, 48486, 48525, 48637, 48638, 48685, 48686, 48766, 49058, 49511, 49582, 49586, 49727, 49737, 49994, 49998, 73792, 76514]","Amidation, Ester_amidation","[3611, 3627]"
14523,O=C(O)COC(F)F,DFUYDBNOCSKWJZ-UHFFFAOYSA-N,2.0,20.0,EUR,26.0,5,Enamine,In stock,EN300-179091,O=C(O)COC(F)F,0.95,2,2,"[7412, 37302]","[14524, 49582]",Amidation,"[2916, 3611]"
48406,CNC(=O)C1CCN1,QVSUDDUBYYZVKX-UHFFFAOYSA-N,6.0,20.0,EUR,130.0,5,Enamine,In stock,EN300-151252,CNC(=O)C1CCN1,0.95,6,6,"[37280, 37554, 37555, 38338, 38408, 38412]","[48408, 48685, 48686, 49511, 49582, 49586]",N-nucleophilic_aromatic_substitution,[3611]
11763,Nc1cccc(F)c1[N+](=O)[O-],NSFGNLQLWFZHKK-UHFFFAOYSA-N,7.0,20.0,EUR,17.0,5,Enamine,In stock,EN300-113936,Nc1cccc(F)c1[N+](=O)[O-],0.95,7,7,"[6352, 58866, 74087, 74366, 75770, 75780, 75782]","[12660, 72446, 87449, 87511, 89133, 89143, 89145]","Amidation, Ester_amidation","[2919, 2924, 2944]"
86549,CCOC(=O)C(=O)OC(C)(C)C,ZFGBGKKWENABEC-UHFFFAOYSA-N,16.0,20.0,EUR,17.0,5,Enamine,In stock,EN300-137113,CCOC(=O)C(=O)OC(C)(C)C,0.95,16,16,"[73570, 73571, 73581, 73582, 73641, 73642, 73645, 73646, 74366, 75858, 75865, 75867, 75868, 75882, 75911, 75912]","[86700, 86701, 86764, 86765, 86812, 86813, 86831, 86832, 87449, 88343, 88344, 88378, 88380, 88382, 88434, 88504]",Ester_amidation,[2924]
12370,Nc1cc(F)c(F)cc1C(=O)O,DGOZIZVTANAGCA-UHFFFAOYSA-N,5.0,20.0,EUR,17.0,5,Enamine,In stock,EN300-65895,Nc1cc(F)c(F)cc1C(=O)O,0.95,5,5,"[6508, 50399, 51590, 51600, 59186]","[12827, 63177, 64501, 64511, 72766]",Amidation,"[1316, 2919, 2944]"
14043,CC1NCCNC1=O,BSPUWRUTIOUGMZ-UHFFFAOYSA-N,11.0,20.0,EUR,17.0,5,Enamine,In stock,EN300-66679,CC1NCCNC1=O,0.99,11,11,"[18959, 19363, 37396, 38549, 38558, 50336, 50585, 50656, 50757, 51297, 51590]","[26794, 27198, 48525, 49727, 49737, 63089, 63411, 63502, 63637, 64208, 64501]","Amidation, N-nucleophilic_aromatic_substitution","[1316, 2188, 3611]"
31625,Cc1c(Br)cc[nH]c1=O,NOOOVNDZIYQCSX-UHFFFAOYSA-N,5.0,20.0,EUR,41.0,5,Enamine,In stock,EN300-1660945,Cc1c(Br)cc[nH]c1=O,0.95,5,5,"[22898, 22911, 22952, 23024, 23256]","[31626, 31643, 31695, 31775, 32028]",Nucleophilic_substitution_with_amine,[1917]
31631,ClCc1noc(C2CC2)n1,VIIBOHRJBXNITD-UHFFFAOYSA-N,4.0,20.0,EUR,21.0,5,Enamine,In stock,EN300-24402,ClCc1noc(C2CC2)n1,0.95,4,4,"[22901, 22902, 22910, 22911]","[31632, 31633, 31642, 31643]",Nucleophilic_substitution_with_amine,[1917]
13764,CN(N)C(N)=O,DOORGKNGFZOACY-UHFFFAOYSA-N,2.0,20.0,EUR,33.0,5,Enamine,In stock,EN300-123352,CN(N)C(N)=O,0.98,2,2,"[18410, 19113]","[26245, 26948]",Amidation,[2188]
25833,Cn1c(Cl)c(C(=O)O)c2cc(Cl)c(Cl)cc21,IBFFSHNKGJMGJI-UHFFFAOYSA-N,8.0,20.0,EUR,221.0,5,Enamine,In stock,EN300-6478773,Cn1c(Cl)c(C(=O)O)c2cc(Cl)c(Cl)cc21,0.95,8,8,"[18951, 18980, 19057, 19104, 19113, 19288, 19363, 19448]","[26786, 26815, 26892, 26939, 26948, 27123, 27198, 27283]",Amidation,[2188]
9132,Nc1ccc(O)cc1Cl,PNLPXABQLXSICH-UHFFFAOYSA-N,14.0,20.0,EUR,17.0,5,Enamine,In stock,EN300-84107,Nc1ccc(O)cc1Cl,0.95,5,5,"[4396, 30156, 57620, 59277, 61029]","[9915, 40898, 71199, 72861, 74593]","Buchwald-Hartwig_amination, Amidation, Ester_amidation","[2919, 2944, 3627, 3628]"
10848,Nc1cc(F)c(O)cc1Cl,GAICBADMNLLFDV-UHFFFAOYSA-N,24.0,50.0,EUR,19.0,5,Enamine,In stock,EN300-366591,Nc1cc(F)c(O)cc1Cl,0.95,6,6,"[5778, 12081, 32002, 58162, 59410, 62052]","[11885, 19846, 42665, 71741, 73007, 75609]","Buchwald-Hartwig_amination, Amidation, Ester_amidation","[2919, 2944, 3625, 3627, 3628]"
18254,COc1cc(C=O)c(I)c(OC)c1,BPSDHVYCRCKIEE-UHFFFAOYSA-N,20.0,20.0,EUR,99.0,5,Enamine,In stock,EN300-6488778,COc1cc(C=O)c(I)c(OC)c1,0.95,2,2,"[12081, 70646]","[19846, 84125]",Buchwald-Hartwig_amination,"[2925, 3625]"
29773,CCc1[nH]c(=O)[nH]c(=O)c1N,NHAGBFNQWVFUGY-UHFFFAOYSA-N,2.0,20.0,EUR,148.0,5,Enamine,In stock,EN300-2101810,CCc1[nH]c(=O)[nH]c(=O)c1N,0.95,2,2,"[21323, 21327]","[29774, 29780]",Nucleophilic_substitution_with_amine,[95]
37888,Nc1cnc(Br)cc1C(=O)O,TZANKVNNHOWWKK-UHFFFAOYSA-N,3.0,20.0,EUR,17.0,5,Enamine,In stock,EN300-125585,Nc1cnc(Br)cc1C(=O)O,0.95,3,3,"[28288, 64512, 64686]","[38875, 78140, 78314]",Amidation,[1012]
77132,O=C(O)Cc1cccc(OC(F)F)n1,BZYSVCRTEQWOIG-UHFFFAOYSA-N,3.0,20.0,EUR,136.0,5,Enamine,In stock,EN300-7464507,O=C(O)Cc1cccc(OC(F)F)n1,0.95,3,3,"[64159, 64508, 64512]","[77786, 78136, 78140]",Amidation,[1012]
14403,Cc1ccsc1C1CCCCCN1,NDUGFZZLFOVAKS-UHFFFAOYSA-N,20.0,20.0,EUR,95.0,5,Enamine,In stock,EN300-232370,Cc1ccsc1C1CCCCCN1,0.95,2,2,"[47737, 47990]","[59548, 59812]",Buchwald-Hartwig_amination,[104]
58969,Cn1c(N)nc2cc(C(=O)O)cc(Br)c21,NDWLRUVIZQIWDM-UHFFFAOYSA-N,20.0,20.0,EUR,136.0,5,Enamine,In stock,EN300-26624183,Cn1c(N)nc2cc(C(=O)O)cc(Br)c21,0.95,2,2,"[47301, 47990]","[59040, 59812]",Buchwald-Hartwig_amination,[104]
5797,C#CCOc1ncccc1C(=O)O,QRHLPARKJBIUDQ-UHFFFAOYSA-N,2.0,20.0,EUR,56.0,5,Enamine,In stock,EN300-71434,C#CCOc1ncccc1C(=O)O,0.95,2,2,"[1486, 1631]","[6125, 6278]",Amidation,[653]
6089,Oc1ccc(C2CCCCN2)cn1,QNDORELUHPRNQW-UHFFFAOYSA-N,3.0,20.0,EUR,201.0,5,Enamine,In stock,EN300-6491452,Oc1ccc(C2CCCCN2)cn1,0.95,3,3,"[1455, 1486, 1949]","[6090, 6125, 6616]",Amidation,[653]
4579,NC(=O)c1cc(Cl)c(C(=O)O)c(Cl)c1,GZEFMEJEXQAEQT-UHFFFAOYSA-N,20.0,20.0,EUR,328.0,5,Enamine,In stock,EN300-26930243,NC(=O)c1cc(Cl)c(C(=O)O)c(Cl)c1,0.95,20,20,"[4061, 4396, 4504, 4517, 5186, 5229, 5230, 5369, 5384, 5563, 5565, 5756, 5778, 5785, 5938, 6053, 6094, 6350, 6352, 6508]","[9465, 9915, 10023, 10036, 11222, 11265, 11266, 11406, 11421, 11602, 11604, 11849, 11885, 11892, 12156, 12272, 12313, 12658, 12660, 12827]",Amidation,[2944]
10782,Nc1ccc([N+](=O)[O-])cc1,TYMLOMAKGOJONV-UHFFFAOYSA-N,2.0,20.0,EUR,17.0,5,Enamine,In stock,EN300-33571,Nc1ccc([N+](=O)[O-])cc1,0.95,2,2,"[6053, 58251]","[12272, 71830]",Amidation,"[2919, 2944]"
40491,CC1(C)OB(c2ccn(CC(F)F)n2)OC1(C)C,ZTUHHNUHOMRYFN-UHFFFAOYSA-N,1.0,20.0,EUR,144.0,5,Enamine,In stock,EN300-3241235,CC1(C)OB(c2ccn(CC(F)F)n2)OC1(C)C,0.95,1,1,[29677],[40492],Sp2-sp2_Suzuki_coupling,[796]
35586,Nc1cc2c(cc1Br)OCCO2,RSBPTTBZKJYYLM-UHFFFAOYSA-N,20.0,20.0,EUR,44.0,5,Enamine,In stock,EN300-34186,Nc1cc2c(cc1Br)OCCO2,0.95,2,2,"[26270, 26608]","[36499, 36847]",Buchwald-Hartwig_amidation_with_amide-like_nucleophile,[3624]
35857,COCC(=O)NOCC(N)=O,NXLGUSWGKKQSOC-UHFFFAOYSA-N,20.0,20.0,EUR,140.0,5,Enamine,In stock,EN300-7754014,COCC(=O)NOCC(N)=O,0.95,2,2,"[26144, 26608]","[36367, 36847]",Buchwald-Hartwig_amidation_with_amide-like_nucleophile,[3624]
10228,Nc1cc(I)c(O)c(I)c1,MQGFZJCCEDLGNT-UHFFFAOYSA-N,14.0,20.0,EUR,49.0,5,Enamine,In stock,EN300-395907,Nc1cc(I)c(O)c(I)c1,0.95,5,5,"[5938, 10465, 57798, 59377, 62089]","[12156, 17510, 71377, 72969, 75646]","Buchwald-Hartwig_amination, Amidation, Ester_amidation","[2919, 2944, 3625, 3627]"
72795,COc1ccc(N)cc1C(=O)OC(C)(C)C,DGLNKYJPCLJXPU-UHFFFAOYSA-N,8.0,20.0,EUR,119.0,5,Enamine,In stock,EN300-6508555,COc1ccc(N)cc1C(=O)OC(C)(C)C,0.95,8,8,"[59214, 59276, 59277, 59377, 59410, 60240, 60243, 60245]","[72796, 72860, 72861, 72969, 73007, 73789, 73792, 73794]",Ester_amidation,[3627]
52789,CC1(C)OB(C23CC2C3)OC1(C)C,WHAZEZRBZRDWAN-UHFFFAOYSA-N,7.0,20.0,EUR,201.0,5,Enamine,In stock,EN300-26572399,CC1(C)OB(C23CC2C3)OC1(C)C,0.95,7,7,"[41080, 41514, 41534, 64954, 65022, 65023, 65108]","[52811, 53232, 53250, 78604, 78666, 78667, 78743]",Sp3-sp2_Suzuki_coupling,"[1128, 1473]"
53200,FC(F)(F)c1ccc2nc(Br)cnc2c1,KSURKDBUCANNAV-UHFFFAOYSA-N,5.0,20.0,EUR,199.0,5,Enamine,In stock,EN300-6746284,FC(F)(F)c1ccc2nc(Br)cnc2c1,0.95,5,5,"[41511, 41534, 42127, 42128, 42503]","[53230, 53250, 53815, 53816, 54183]",Sp3-sp2_Suzuki_coupling,[1473]
14503,Nc1ccc(Cl)c(C(=O)NCc2cccs2)c1,NHYJCSGSBYOMRX-UHFFFAOYSA-N,6.0,20.0,EUR,56.0,5,Enamine,In stock,EN300-102537,Nc1ccc(Cl)c(C(=O)NCc2cccs2)c1,0.95,6,6,"[7402, 7430, 7667, 7709, 8151, 8198]","[14504, 14557, 14997, 15051, 15765, 15821]",Amidation,[2916]
14614,COC(C(=O)O)C(C)C,CRNWYNSIQHMCOB-UHFFFAOYSA-N,2.0,20.0,EUR,72.0,5,Enamine,In stock,EN300-141642,COC(C(=O)O)C(C)C,0.95,2,2,"[7461, 7667]","[14615, 14997]",Amidation,[2916]
11194,Cc1cc(Cl)c(N)cc1N,MYFJHUCULJNTOF-UHFFFAOYSA-N,4.0,20.0,EUR,60.0,5,Enamine,In stock,EN300-6503796,Cc1cc(Cl)c(N)cc1N,0.95,4,4,"[5563, 5565, 58717, 58796]","[11602, 11604, 72297, 72376]",Amidation,"[2919, 2944]"
68670,Cn1c(=O)[nH]c2cc(C(=O)O)cc(Cl)c21,CSRPEHAIVTZSKV-UHFFFAOYSA-N,20.0,20.0,EUR,119.0,5,Enamine,In stock,EN300-29172213,Cn1c(=O)[nH]c2cc(C(=O)O)cc(Cl)c21,0.95,20,20,"[55659, 57556, 57566, 57620, 57798, 57918, 57919, 57994, 58035, 58058, 58085, 58157, 58162, 58251, 58308, 58717, 58796, 58863, 58866, 59186]","[69238, 71135, 71145, 71199, 71377, 71497, 71498, 71573, 71614, 71637, 71664, 71736, 71741, 71830, 71887, 72297, 72376, 72443, 72446, 72766]",Amidation,[2919]
8601,Cc1ccccc1N,RNVCVTLRINQCPJ-UHFFFAOYSA-N,11.0,20.0,EUR,17.0,5,Enamine,In stock,EN300-33459,Cc1ccccc1N,0.98,2,2,"[55659, 67999]","[69238, 81547]","Buchwald-Hartwig_amination, Amidation","[2919, 2925]"
16731,COc1cc(Br)cc(C)c1I,FKQIJXBIOPSOJR-UHFFFAOYSA-N,50.0,50.0,EUR,75.0,5,Enamine,In stock,EN300-22838385,COc1cc(Br)cc(C)c1I,0.95,5,5,"[10465, 67999, 68767, 68768, 69035]","[17510, 81547, 82310, 82311, 82536]",Buchwald-Hartwig_amination,"[2925, 3625]"
78576,Cn1cnc2c(Br)cccc21,RQJWIWNNDYLKNI-UHFFFAOYSA-N,7.0,20.0,EUR,17.0,5,Enamine,In stock,EN300-125592,Cn1cnc2c(Br)cccc21,0.95,7,7,"[64939, 64940, 64954, 64957, 64980, 65712, 65714]","[78578, 78580, 78604, 78608, 78628, 79305, 79307]",Sp3-sp2_Suzuki_coupling,[1128]
78607,CC1(C)OB(C2COC2)OC1(C)C,LBABXQQSDMILIX-UHFFFAOYSA-N,4.0,20.0,EUR,24.0,5,Enamine,In stock,EN300-214041,CC1(C)OB(C2COC2)OC1(C)C,0.98,4,4,"[64957, 65013, 65014, 65127]","[78608, 78654, 78655, 78762]",Sp3-sp2_Suzuki_coupling,[1128]
8010,CCOC(=O)c1cc(C(=O)O)nn1C,JLSQQJCFVRBJAS-UHFFFAOYSA-N,1.0,20.0,EUR,36.0,5,Enamine,In stock,EN300-83548,CCOC(=O)c1cc(C(=O)O)nn1C,0.95,1,1,[3433],[8372],Ester_amidation,[1192]
8243,COc1sc(CNCC(O)CO)cc1Br,FQVUUGVJCPBART-UHFFFAOYSA-N,3.0,20.0,EUR,116.0,5,Enamine,In stock,EN300-195265,COc1sc(CNCC(O)CO)cc1Br,0.95,3,3,"[3387, 3433, 3434]","[8321, 8358, 8372]",Ester_amidation,[1192]
15671,C=C(OCC)C(=O)O,QCZKLKFGDITLCF-UHFFFAOYSA-N,8.0,20.0,EUR,220.0,5,Enamine,In stock,EN300-7291894,C=C(OCC)C(=O)O,0.95,1,8,[37286],"[48483, 48486, 48637, 48638, 49511, 49586, 49727, 49737]",Amidation,[3611]
48370,O=C1CNC(=S)N1,UGWULZWUXSCWPX-UHFFFAOYSA-N,2.0,20.0,EUR,17.0,5,Enamine,In stock,EN300-17269,O=C1CNC(=S)N1,0.95,2,2,"[37354, 37357]","[48483, 48486]",N-nucleophilic_aromatic_substitution,[3611]
10293,Nc1cc(F)c(Cl)cc1N,BSMPRJISGCTCDC-UHFFFAOYSA-N,18.0,20.0,EUR,17.0,5,Enamine,In stock,EN300-216298,Nc1cc(F)c(Cl)cc1N,0.95,18,18,"[5369, 5384, 57918, 57919, 73581, 73582, 73846, 73847, 74177, 74179, 74350, 74351, 74542, 74543, 75755, 75756, 75858, 75865]","[11406, 11421, 71497, 71498, 86831, 86832, 87275, 87276, 87602, 87604, 87775, 87776, 87966, 87967, 88380, 88382, 89118, 89119]","Amidation, Ester_amidation","[2919, 2924, 2944]"
86614,C#CCOCC(=O)OC(C)(C)C,SUOOPKUCCQIHHH-UHFFFAOYSA-N,8.0,20.0,EUR,26.0,5,Enamine,In stock,EN300-3686097,C#CCOCC(=O)OC(C)(C)C,0.95,8,8,"[73462, 73693, 73700, 73836, 73837, 73846, 73847, 74087]","[86929, 87122, 87129, 87265, 87266, 87275, 87276, 87511]",Ester_amidation,[2924]
63062,CC1NCCNC1C,COWPTMLRSANSMQ-UHFFFAOYSA-N,6.0,20.0,EUR,21.0,5,Enamine,In stock,EN300-216098,CC1NCCNC1C,0.95,6,6,"[50324, 50589, 50672, 50752, 51369, 51600]","[63063, 63415, 63523, 63632, 64280, 64511]",Amidation,[1316]
63203,COc1ccc(F)cc1C(=O)O,WPXFJBPJUGMYOD-UHFFFAOYSA-N,4.0,20.0,EUR,17.0,5,Enamine,In stock,EN300-26833,COc1ccc(F)cc1C(=O)O,0.95,4,4,"[50440, 50452, 51297, 51369]","[63238, 63250, 64208, 64280]",Amidation,[1316]
31621,O=c1[nH]ccc(Br)c1Cl,PHWLANGMUVIMBE-UHFFFAOYSA-N,4.0,20.0,EUR,201.0,5,Enamine,In stock,EN300-6491535,O=c1[nH]ccc(Br)c1Cl,0.95,4,4,"[22896, 22910, 22968, 23026]","[31622, 31642, 31711, 31777]",Nucleophilic_substitution_with_amine,[1917]
31657,CC(C)Cc1nc(CCl)no1,MLTXNTRNFCWCPQ-UHFFFAOYSA-N,4.0,20.0,EUR,17.0,5,Enamine,In stock,EN300-28561,CC(C)Cc1nc(CCl)no1,0.95,4,4,"[22923, 22952, 22968, 22969]","[31658, 31695, 31711, 31712]",Nucleophilic_substitution_with_amine,[1917]
13690,NCCC(Cl)Cl,ANEJRNCBRHKGOM-UHFFFAOYSA-N,2.0,20.0,EUR,161.0,5,Enamine,In stock,EN300-7571400,NCCC(Cl)Cl,0.95,2,2,"[18319, 19104]","[26154, 26939]",Amidation,[2188]
17226,CNc1ccc(OC)c(F)c1,PSKWYWANKQMURA-UHFFFAOYSA-N,10.0,20.0,EUR,54.0,5,Enamine,In stock,EN300-106358,CNc1ccc(OC)c(F)c1,0.95,1,1,[31088],[41763],Buchwald-Hartwig_amination,[3628]
10862,COc1ccc(N)cc1F,LJWAPDSCYTZUJU-UHFFFAOYSA-N,32.0,50.0,EUR,18.0,5,Enamine,In stock,EN300-41272,COc1ccc(N)cc1F,0.95,5,5,"[5785, 8974, 10644, 30345, 58085]","[11892, 16778, 18430, 41086, 71664]","Buchwald-Hartwig_amination, Amidation","[2919, 2944, 3625, 3628]"
16912,COc1ccc2c(c1I)CCC2,AYEPNUOQQAPAHV-UHFFFAOYSA-N,20.0,20.0,EUR,103.0,5,Enamine,In stock,EN300-33107244,COc1ccc2c(c1I)CCC2,0.95,2,2,"[10644, 69160]","[18430, 82639]",Buchwald-Hartwig_amination,"[2925, 3625]"
30094,Cn1ncc2nc(Cl)[nH]c(=O)c21,HEVALVXRWWOOAZ-UHFFFAOYSA-N,1.0,20.0,EUR,131.0,5,Enamine,In stock,EN300-7402870,Cn1ncc2nc(Cl)[nH]c(=O)c21,0.95,1,1,[21501],[30095],Nucleophilic_substitution_with_amine,[95]
37616,Cc1ccnc(CO)c1N,JRHPPMXVBGUNQM-UHFFFAOYSA-N,3.0,20.0,EUR,130.0,5,Enamine,In stock,EN300-20833085,Cc1ccnc(CO)c1N,0.95,3,3,"[27687, 64159, 64239]","[38150, 77786, 77866]",Amidation,[1012]
77062,COc1cccc(C(F)(F)C(=O)O)n1,MIDCMWMUUZNNIQ-UHFFFAOYSA-N,3.0,20.0,EUR,161.0,5,Enamine,In stock,EN300-1932251,COc1cccc(C(F)(F)C(=O)O)n1,0.95,3,3,"[64239, 64663, 64686]","[77866, 78291, 78314]",Amidation,[1012]
12875,CNCc1cc(C)cs1,JICZWIQRPDVYNI-UHFFFAOYSA-N,20.0,20.0,EUR,21.0,5,Enamine,In stock,EN300-1696603,CNCc1cc(C)cs1,0.98,2,2,"[47032, 47301]","[58703, 59040]",Buchwald-Hartwig_amination,[104]
58521,Cn1c(N)nc2cc(F)cc(Br)c21,PRLLBTPVHASCKN-UHFFFAOYSA-N,20.0,20.0,EUR,148.0,5,Enamine,In stock,EN300-45835519,Cn1c(N)nc2cc(F)cc(Br)c21,0.95,2,2,"[47032, 47737]","[58703, 59548]",Buchwald-Hartwig_amination,[104]
5836,COCCOc1ncccc1C(=O)O,FGLDUXYEVPKHOF-UHFFFAOYSA-N,2.0,20.0,EUR,42.0,5,Enamine,In stock,EN300-53802,COCCOc1ncccc1C(=O)O,1.0,2,2,"[1942, 1949]","[6608, 6616]",Amidation,[653]
9264,Nc1cccc(Br)c1S,GDKDKXYKTCNBIA-UHFFFAOYSA-N,2.0,20.0,EUR,108.0,5,Enamine,In stock,EN300-104325,Nc1cccc(Br)c1S,0.95,2,2,"[4504, 57566]","[10023, 71145]",Amidation,"[2919, 2944]"
40714,Cn1ncc(NC(=O)OC(C)(C)C)c1B1OC(C)(C)C(C)(C)O1,JLCGTPBCRDVZIF-UHFFFAOYSA-N,1.0,20.0,EUR,152.0,5,Enamine,In stock,EN300-746382,Cn1ncc(NC(=O)OC(C)(C)C)c1B1OC(C)(C)C(C)(C)O1,0.95,1,1,[29817],[40715],Sp2-sp2_Suzuki_coupling,[796]
35584,COc1ccc(Br)c(N=[N+]=[N-])c1,CRNJRYFICHDIRM-UHFFFAOYSA-N,20.0,20.0,EUR,65.0,5,Enamine,In stock,EN300-277963,COc1ccc(Br)c(N=[N+]=[N-])c1,0.95,2,2,"[26128, 27101]","[36349, 37350]",Buchwald-Hartwig_amidation_with_amide-like_nucleophile,[3624]
35733,CC(C)(C)OC(=O)C(N)=O,ZQRDALWGTYZXQR-UHFFFAOYSA-N,20.0,20.0,EUR,58.0,5,Enamine,In stock,EN300-748853,CC(C)(C)OC(=O)C(N)=O,0.95,2,2,"[26128, 26270]","[36349, 36499]",Buchwald-Hartwig_amidation_with_amide-like_nucleophile,[3624]
74586,CCOC(=O)c1cc(C(=O)O)c(C)cc1OC,DIZICUQXLLAKAS-UHFFFAOYSA-N,7.0,20.0,EUR,111.0,5,Enamine,In stock,EN300-7460533,CCOC(=O)c1cc(C(=O)O)c(C)cc1OC,0.95,7,7,"[61029, 61039, 62052, 62089, 62944, 62949, 62957]","[74593, 74603, 75609, 75646, 76509, 76514, 76522]",Ester_amidation,[3627]
52795,Cc1nc2ccccc2nc1Br,YBJFSDXUCGYJSK-UHFFFAOYSA-N,5.0,20.0,EUR,18.0,5,Enamine,In stock,EN300-80131,Cc1nc2ccccc2nc1Br,0.98,5,5,"[41060, 41080, 41450, 41451, 42032]","[52796, 52811, 53168, 53169, 53737]",Sp3-sp2_Suzuki_coupling,[1473]
53478,CC1(C)OB(C2(C3CC3)CCOCC2)OC1(C)C,IYKQTRWCPWUCFE-UHFFFAOYSA-N,4.0,20.0,EUR,146.0,5,Enamine,In stock,EN300-45182067,CC1(C)OB(C2(C3CC3)CCOCC2)OC1(C)C,0.95,4,4,"[41772, 42032, 42481, 42503]","[53479, 53737, 54163, 54183]",Sp3-sp2_Suzuki_coupling,[1473]
15706,COC(CC1CCCC1)C(=O)O,YHTXJTFMLFCHLV-UHFFFAOYSA-N,2.0,20.0,EUR,146.0,5,Enamine,In stock,EN300-1815623,COC(CC1CCCC1)C(=O)O,0.95,2,2,"[8109, 8198]","[15707, 15821]",Amidation,[2916]
11753,Nc1ccc(F)c([N+](=O)[O-])c1,LLIOADBCFIXIEU-UHFFFAOYSA-N,2.0,20.0,EUR,17.0,5,Enamine,In stock,EN300-17970,Nc1ccc(F)c([N+](=O)[O-])c1,0.95,2,2,"[6350, 58863]","[12658, 72443]",Amidation,"[2919, 2944]"
8947,Nc1cccc(F)c1Cl,FJKIADFDXOCBRV-UHFFFAOYSA-N,41.0,50.0,EUR,18.0,5,Enamine,In stock,EN300-116062,Nc1cccc(F)c1Cl,0.95,5,5,"[4061, 67439, 69035, 69160, 69234]","[9465, 81003, 82536, 82639, 82713]","Buchwald-Hartwig_amination, Amidation","[2925, 2944]"
52916,CC1(B2OC(C)(C)C(C)(C)O2)CCOC1,FWLYYCMUNIULBH-UHFFFAOYSA-N,6.0,20.0,EUR,130.0,5,Enamine,In stock,EN300-45170613,CC1(B2OC(C)(C)C(C)(C)O2)CCOC1,0.95,6,6,"[41199, 41451, 42127, 42132, 65712, 66326]","[52917, 53169, 53815, 53820, 79305, 79873]",Sp3-sp2_Suzuki_coupling,"[1128, 1473]"
78623,Cn1c(O)nc2c(Br)cccc21,DVOMWEVMRSPXIN-UHFFFAOYSA-N,7.0,20.0,EUR,102.0,5,Enamine,In stock,EN300-6205409,Cn1c(O)nc2c(Br)cccc21,0.95,7,7,"[64974, 64975, 65108, 65127, 65128, 66326, 66327]","[78624, 78625, 78743, 78762, 78763, 79873, 79874]",Sp3-sp2_Suzuki_coupling,[1128]
8002,CCOC(=O)c1cc([N+](=O)[O-])nn1C,XAVAKIWHFFUSFO-UHFFFAOYSA-N,1.0,20.0,EUR,57.0,5,Enamine,In stock,EN300-231357,CCOC(=O)c1cc([N+](=O)[O-])nn1C,0.95,1,1,[3434],[8358],Ester_amidation,[1192]
14517,O=C(O)C1=CCCO1,NFTOEHBFQROATQ-UHFFFAOYSA-N,2.0,20.0,EUR,115.0,5,Enamine,In stock,EN300-91966,O=C(O)C1=CCCO1,0.95,2,2,"[7409, 37347]","[14518, 49058]",Amidation,"[2916, 3611]"
48232,CN(C)CC(N)=O,WKJOQYHMXRVQDK-UHFFFAOYSA-N,2.0,20.0,EUR,64.0,5,Enamine,In stock,EN300-183414,CN(C)CC(N)=O,0.95,2,2,"[37129, 37900]","[48234, 49058]",N-nucleophilic_aromatic_substitution,[3611]
10336,Nc1ccc(Br)c(F)c1N,ZTSHEADNOHWIMO-UHFFFAOYSA-N,18.0,20.0,EUR,21.0,5,Enamine,In stock,EN300-198761,Nc1ccc(Br)c(F)c1N,0.98,18,18,"[5229, 5230, 58035, 58058, 73645, 73646, 73693, 73700, 74190, 74191, 74266, 74267, 74585, 74587, 75714, 75715, 75911, 75912]","[11265, 11266, 71614, 71637, 86812, 86813, 87122, 87129, 87615, 87616, 87691, 87692, 88009, 88011, 88343, 88344, 89077, 89078]","Amidation, Ester_amidation","[2919, 2924, 2944]"
86686,CC(C)(C)OC(=O)COCCCBr,MAZAVNNNAZKOCF-UHFFFAOYSA-N,8.0,20.0,EUR,46.0,5,Enamine,In stock,EN300-33137280,CC(C)(C)OC(=O)COCCCBr,0.95,8,8,"[74266, 74267, 74297, 74340, 74350, 74351, 74356, 75782]","[87691, 87692, 87722, 87765, 87775, 87776, 87781, 89145]",Ester_amidation,[2924]
62995,O=C(O)c1cc(F)cc(Cl)c1,QFMRANWPGGSNHS-UHFFFAOYSA-N,4.0,20.0,EUR,17.0,5,Enamine,In stock,EN300-102825,O=C(O)c1cc(F)cc(Cl)c1,0.95,4,4,"[50300, 50585, 50589, 51048]","[62996, 63411, 63415, 63959]",Amidation,[1316]
31653,CCCCc1nc(CCl)no1,QMJCZRZSENJKDN-UHFFFAOYSA-N,4.0,20.0,EUR,42.0,5,Enamine,In stock,EN300-53444,CCCCc1nc(CCl)no1,0.95,4,4,"[22920, 23015, 23024, 23026]","[31654, 31766, 31775, 31777]",Nucleophilic_substitution_with_amine,[1917]
4462,Cn1cc(C(=O)O)c2ccc(Cl)cc21,UMVCXQBKCZPXCR-UHFFFAOYSA-N,8.0,20.0,EUR,32.0,5,Enamine,In stock,EN300-1981983,Cn1cc(C(=O)O)c2ccc(Cl)cc21,0.95,8,8,"[18281, 18319, 18344, 18377, 18410, 18687, 18959, 19246]","[26116, 26154, 26179, 26212, 26245, 26522, 26794, 27081]",Amidation,[2188]
13750,CNCCCO,KRGXWTOLFOPIKV-UHFFFAOYSA-N,2.0,20.0,EUR,17.0,5,Enamine,In stock,EN300-141645,CNCCCO,0.95,2,2,"[18377, 19057]","[26212, 26892]",Amidation,[2188]
17258,COc1c(I)cc(N)cc1I,HSUJYIOBQDIMPP-UHFFFAOYSA-N,12.0,20.0,EUR,49.0,5,Enamine,In stock,EN300-1703518,COc1c(I)cc(N)cc1I,0.95,3,3,"[31062, 60245, 62944]","[41737, 73794, 76509]","Buchwald-Hartwig_amination, Ester_amidation","[3627, 3628]"
10922,COc1ccc(N)cc1Cl,XQVCBOLNTSUFGD-UHFFFAOYSA-N,12.0,20.0,EUR,17.0,5,Enamine,In stock,EN300-20321,COc1ccc(N)cc1Cl,0.95,3,3,"[5756, 8976, 58157]","[11849, 16781, 71736]","Buchwald-Hartwig_amination, Amidation","[2919, 2944, 3625]"
29051,O=c1cc(CCl)[nH]c(=O)[nH]1,VCFXBAPEXBTNEA-UHFFFAOYSA-N,2.0,20.0,EUR,17.0,5,Enamine,In stock,EN300-11300,O=c1cc(CCl)[nH]c(=O)[nH]1,0.95,2,2,"[20933, 20934]","[29052, 29053]",Nucleophilic_substitution_with_amine,[95]
37786,O=C(O)C1CCc2ccc(=O)[nH]c21,CKTWFQMQIVPATO-UHFFFAOYSA-N,3.0,20.0,EUR,206.0,5,Enamine,In stock,EN300-3062905,O=C(O)C1CCc2ccc(=O)[nH]c21,0.95,3,3,"[27687, 28264, 28288]","[38150, 38851, 38875]",Amidation,[1012]
37896,Cc1nc(Cl)c(N)c(C)c1C,APIDHRIYWNOMGH-UHFFFAOYSA-N,3.0,20.0,EUR,148.0,5,Enamine,In stock,EN300-22823653,Cc1nc(Cl)c(N)c(C)c1C,0.95,3,3,"[28264, 64508, 64663]","[38851, 78136, 78291]",Amidation,[1012]
14470,O=C(O)C1CSC(c2ccc(Cl)s2)N1,IKBXTCUEVOKTDZ-UHFFFAOYSA-N,10.0,20.0,EUR,34.0,5,Enamine,In stock,EN300-68282,O=C(O)C1CSC(c2ccc(Cl)s2)N1,1.0,1,1,[47751],[59563],Buchwald-Hartwig_amination,[104]
4427,CCOc1ncccc1C(=O)O,XCMJQQOMGWGGSI-UHFFFAOYSA-N,2.0,20.0,EUR,17.0,5,Enamine,In stock,EN300-21350,CCOc1ncccc1C(=O)O,0.95,2,2,"[1452, 1455]","[6085, 6090]",Amidation,[653]
6084,COc1ccc(C2CCCN2)cn1,UPHRHXBEESDMCP-UHFFFAOYSA-N,3.0,20.0,EUR,48.0,5,Enamine,In stock,EN300-1866527,COc1ccc(C2CCCN2)cn1,0.95,3,3,"[1452, 1631, 1942]","[6085, 6278, 6608]",Amidation,[653]
10563,Cc1cc(N)c(Cl)cc1Cl,IGSFOXNHUBLZHU-UHFFFAOYSA-N,2.0,20.0,EUR,17.0,5,Enamine,In stock,EN300-365596,Cc1cc(N)c(Cl)cc1Cl,0.95,2,2,"[5186, 57994]","[11222, 71573]",Amidation,"[2919, 2944]"
40370,Cn1ncc(Cl)c1B1OC(C)(C)C(C)(C)O1,CAGNCZDZKPUJSZ-UHFFFAOYSA-N,1.0,20.0,EUR,75.0,5,Enamine,In stock,EN300-172191,Cn1ncc(Cl)c1B1OC(C)(C)C(C)(C)O1,0.95,1,1,[29609],[40371],Sp2-sp2_Suzuki_coupling,[796]
35532,COc1cc(N)c(Br)cc1Br,RBFJSDKTASSGSH-UHFFFAOYSA-N,20.0,20.0,EUR,17.0,5,Enamine,In stock,EN300-176776,COc1cc(N)c(Br)cc1Br,0.95,2,2,"[26144, 26844]","[36367, 37087]",Buchwald-Hartwig_amidation_with_amide-like_nucleophile,[3624]
36435,CC(OCc1ccccc1)C(N)=O,JAUODNRCYPIJOM-UHFFFAOYSA-N,20.0,20.0,EUR,43.0,5,Enamine,In stock,EN300-213189,CC(OCc1ccccc1)C(N)=O,0.95,2,2,"[26844, 27101]","[37087, 37350]",Buchwald-Hartwig_amidation_with_amide-like_nucleophile,[3624]
17246,Nc1ccc(O)cc1[N+](=O)[O-],IQXUIDYRTHQTET-UHFFFAOYSA-N,2.0,20.0,EUR,17.0,5,Enamine,In stock,EN300-42789,Nc1ccc(O)cc1[N+](=O)[O-],0.95,2,2,"[60240, 62957]","[73789, 76522]",Ester_amidation,[3627]
52914,CC1(C)OB(C2(CCO)CC2)OC1(C)C,AQNWKLXKMXJEBI-UHFFFAOYSA-N,6.0,20.0,EUR,161.0,5,Enamine,In stock,EN300-9629297,CC1(C)OB(C2(CCO)CC2)OC1(C)C,0.95,6,6,"[41198, 41450, 42128, 42151, 65714, 66327]","[52915, 53168, 53816, 53837, 79307, 79874]",Sp3-sp2_Suzuki_coupling,"[1128, 1473]"
53202,FC(F)(F)c1ccc2ncc(Br)nc2c1,XWTFCXDQKKKURH-UHFFFAOYSA-N,5.0,20.0,EUR,199.0,5,Enamine,In stock,EN300-6746777,FC(F)(F)c1ccc2ncc(Br)nc2c1,0.95,5,5,"[41483, 41514, 42132, 42151, 42481]","[53203, 53232, 53820, 53837, 54163]",Sp3-sp2_Suzuki_coupling,[1473]
15059,CCC(CC)C(OC)C(=O)O,AFVQODCOYMZPKD-UHFFFAOYSA-N,2.0,20.0,EUR,108.0,5,Enamine,In stock,EN300-7129626,CCC(CC)C(OC)C(=O)O,0.95,2,2,"[7714, 8151]","[15060, 15765]",Amidation,[2916]
10741,Nc1c(F)cc(Cl)cc1F,AKDPHEYBBWDWCM-UHFFFAOYSA-N,2.0,20.0,EUR,17.0,5,Enamine,In stock,EN300-122648,Nc1c(F)cc(Cl)cc1F,0.95,2,2,"[6094, 58308]","[12313, 71887]",Amidation,"[2919, 2944]"
8945,Nc1cc(F)ccc1O,ULDFRPKVIZMKJG-UHFFFAOYSA-N,20.0,20.0,EUR,17.0,5,Enamine,In stock,EN300-84104,Nc1cc(F)ccc1O,0.95,2,2,"[69210, 70646]","[82689, 84125]",Buchwald-Hartwig_amination,[2925]
16954,COc1cc(Br)cc(CO)c1I,ISUHWXBQFPCQBN-UHFFFAOYSA-N,20.0,20.0,EUR,103.0,5,Enamine,In stock,EN300-44828736,COc1cc(Br)cc(CO)c1I,0.95,2,2,"[69210, 69234]","[82689, 82713]",Buchwald-Hartwig_amination,[2925]
78581,OB(O)C1CC1,WLVKDFJTYKELLQ-UHFFFAOYSA-N,4.0,20.0,EUR,17.0,5,Enamine,In stock,EN300-30595,OB(O)C1CC1,0.95,4,4,"[64939, 64975, 64987, 64988]","[78578, 78625, 78632, 78635]",Sp3-sp2_Suzuki_coupling,[1128]
78631,Cn1c(Cl)nc2c(Br)cccc21,RAIXLQWLPQPVME-UHFFFAOYSA-N,9.0,20.0,EUR,43.0,5,Enamine,In stock,EN300-1722742,Cn1c(Cl)nc2c(Br)cccc21,0.95,9,9,"[64987, 64988, 64989, 64990, 65013, 65014, 65016, 65022, 65023]","[78632, 78633, 78634, 78635, 78654, 78655, 78660, 78666, 78667]",Sp3-sp2_Suzuki_coupling,[1128]
7960,CCOC(=O)c1c(Br)c(C)nn1C,CVIBYCFOGAXTBZ-UHFFFAOYSA-N,1.0,20.0,EUR,18.0,5,Enamine,In stock,EN300-228201,CCOC(=O)c1c(Br)c(C)nn1C,0.98,1,1,[3387],[8321],Ester_amidation,[1192]
13930,CCNC(C)C,RIVIDPPYRINTTH-UHFFFAOYSA-N,2.0,20.0,EUR,17.0,5,Enamine,In stock,EN300-40181,CCNC(C)C,0.95,2,2,"[18281, 18951]","[26116, 26786]",Amidation,[2188]
14610,CCOC(CC)C(=O)O,JEPGPKGGSYXGKV-UHFFFAOYSA-N,4.0,20.0,EUR,62.0,5,Enamine,In stock,EN300-54447,CCOC(CC)C(=O)O,0.95,3,4,"[7459, 7709, 37488]","[14611, 15051, 49994, 49998]",Amidation,"[2916, 3611]"
48394,N=C1NCC(=O)N1,TYKJILJOXAHUFO-UHFFFAOYSA-N,4.0,20.0,EUR,24.0,5,Enamine,In stock,EN300-37368,N=C1NCC(=O)N1,0.95,4,4,"[37506, 37507, 38809, 38813]","[48637, 48638, 49994, 49998]",N-nucleophilic_aromatic_substitution,[3611]
11182,Cc1ccc(N)c(N)c1Cl,MSCWIJSCUIEMGN-UHFFFAOYSA-N,9.0,20.0,EUR,119.0,5,Enamine,In stock,EN300-704179,Cc1ccc(N)c(N)c1Cl,0.95,9,9,"[73462, 73641, 73642, 74297, 74329, 74578, 74579, 75737, 75882]","[86700, 86701, 86929, 87722, 87754, 88002, 88003, 88378, 89100]",Ester_amidation,[2924]
86738,CC(C)(C)OCC(=O)OC(C)(C)C,OMOFILQTWANXFM-UHFFFAOYSA-N,8.0,20.0,EUR,146.0,5,Enamine,In stock,EN300-189599,CC(C)(C)OCC(=O)OC(C)(C)C,0.95,8,8,"[74149, 74151, 74177, 74179, 74190, 74191, 74329, 75770]","[87574, 87576, 87602, 87604, 87615, 87616, 87754, 89133]",Ester_amidation,[2924]
63015,Cc1ccc(F)cc1C(=O)O,JVBLXLBINTYFPR-UHFFFAOYSA-N,3.0,20.0,EUR,17.0,5,Enamine,In stock,EN300-25371,Cc1ccc(F)cc1C(=O)O,0.95,3,3,"[50335, 50656, 50672]","[63088, 63502, 63523]",Amidation,[1316]
31629,Nc1c(Br)cc[nH]c1=O,CKAMRIKMNPZNMZ-UHFFFAOYSA-N,5.0,20.0,EUR,334.0,5,Enamine,In stock,EN300-269816,Nc1c(Br)cc[nH]c1=O,0.95,5,5,"[22900, 22902, 22969, 23015, 23236]","[31630, 31633, 31712, 31766, 32007]",Nucleophilic_substitution_with_amine,[1917]
31954,CC1(c2nc(CCl)no2)CCCC1,ZAFYQJKIZQGGKB-UHFFFAOYSA-N,3.0,20.0,EUR,146.0,5,Enamine,In stock,EN300-3069835,CC1(c2nc(CCl)no2)CCCC1,0.95,3,3,"[23185, 23236, 23256]","[31955, 32007, 32028]",Nucleophilic_substitution_with_amine,[1917]
14132,CC(C)CNCC(=O)O,VKZGJEWGVNFKPE-UHFFFAOYSA-N,2.0,20.0,EUR,56.0,5,Enamine,In stock,EN300-67561,CC(C)CNCC(=O)O,0.95,2,2,"[19246, 19448]","[27081, 27283]",Amidation,[2188]
28800,N#Cc1cnc[nH]c1=O,SVOQOFSQLVVHKQ-UHFFFAOYSA-N,1.0,20.0,EUR,17.0,5,Enamine,In stock,EN300-206279,N#Cc1cnc[nH]c1=O,0.95,1,1,[20793],[28801],Nucleophilic_substitution_with_amine,[95]
9138,Nc1cccc(O)c1Cl,CFWIOOCJVYJEID-UHFFFAOYSA-N,20.0,20.0,EUR,19.0,5,Enamine,In stock,EN300-195771,Nc1cccc(O)c1Cl,0.95,2,2,"[68767, 68768]","[82310, 82311]",Buchwald-Hartwig_amination,[2925]
86695,C#CCCOCC(=O)OC(C)(C)C,FZPJSKHIKPHCQG-UHFFFAOYSA-N,9.0,20.0,EUR,30.0,5,Enamine,In stock,EN300-4997518,C#CCCOCC(=O)OC(C)(C)C,0.95,9,9,"[74542, 74543, 74563, 74564, 74578, 74579, 74585, 74587, 75780]","[87966, 87967, 87987, 87988, 88002, 88003, 88009, 88011, 89143]",Ester_amidation,[2924]
4573,CC(C)(C)OC(=O)c1cn[nH]c1,UAERPLOMIPPTSK-UHFFFAOYSA-N,1.0,20.0,EUR,17.0,5,Enamine,In stock,EN300-232425,CC(C)(C)OC(=O)c1cn[nH]c1,0.95,1,1,[76581],[89921],Ester_amidation,[555]
89920,CCCNC(=O)c1cccc(=O)n1O,GVLPURGLUBICAO-UHFFFAOYSA-N,1.0,20.0,EUR,171.0,5,Enamine,In stock,EN300-194762,CCCNC(=O)c1cccc(=O)n1O,0.95,1,1,[76581],[89921],Ester_amidation,[555]
14501,C=C(OC)C(=O)O,LQAQMOIBXDELJX-UHFFFAOYSA-N,6.0,20.0,EUR,264.0,5,Enamine,In stock,EN300-109650,C=C(OC)C(=O)O,0.95,3,6,"[7401, 7430, 37122]","[14502, 14557, 48525, 48685, 48686, 48766]",Amidation,"[2916, 3611]"
48275,CNC(C)(C)C(N)=O,YTSVIBZGAFTNCI-UHFFFAOYSA-N,1.0,20.0,EUR,111.0,5,Enamine,In stock,EN300-212942,CNC(C)(C)C(N)=O,0.95,1,1,[37623],[48766],N-nucleophilic_aromatic_substitution,[3611]
10682,Nc1cccc2nsnc12,DRLGIZIAMHIQHL-UHFFFAOYSA-N,7.0,20.0,EUR,34.0,5,Enamine,In stock,EN300-220603,Nc1cccc2nsnc12,0.95,7,7,"[73571, 73836, 74149, 74356, 74563, 75753, 75868]","[86765, 87265, 87574, 87781, 87987, 88434, 89116]",Ester_amidation,[2924]
87461,CC(C)(C)OC(=O)C1(C)CNCCO1,LTWCUCLTUUFZLU-UHFFFAOYSA-N,7.0,20.0,EUR,161.0,5,Enamine,In stock,EN300-360004,CC(C)(C)OC(=O)C1(C)CNCCO1,0.95,7,7,"[75714, 75715, 75737, 75752, 75753, 75755, 75756]","[89077, 89078, 89100, 89115, 89116, 89118, 89119]",Ester_amidation,[2924]
63040,Cc1ccc(C(=O)O)cc1F,XUQCONCMPCVUDM-UHFFFAOYSA-N,4.0,20.0,EUR,17.0,5,Enamine,In stock,EN300-21709,Cc1ccc(C(=O)O)cc1F,0.95,4,4,"[50315, 50752, 50757, 51820]","[63041, 63632, 63637, 64731]",Amidation,[1316]
63704,CC1NCC(=O)NC1=O,XNJHLZCLSPEUJN-UHFFFAOYSA-N,3.0,20.0,EUR,144.0,5,Enamine,In stock,EN300-95184,CC1NCC(=O)NC1=O,0.95,3,3,"[50802, 51048, 51820]","[63705, 63959, 64731]",Amidation,[1316]
13802,CCCNCC,XCVNDBIXFPGMIW-UHFFFAOYSA-N,2.0,20.0,EUR,17.0,5,Enamine,In stock,EN300-35035,CCCNCC,0.95,2,2,"[18344, 18980]","[26179, 26815]",Amidation,[2188]
9186,CNc1ccc(O)cc1,ZFIQGRISGKSVAG-UHFFFAOYSA-N,12.0,20.0,EUR,17.0,5,Enamine,In stock,EN300-33922,CNc1ccc(O)cc1,0.95,3,3,"[30664, 59276, 61039]","[41369, 72860, 74603]","Buchwald-Hartwig_amination, Ester_amidation","[3627, 3628]"
40927,COc1cnc(Cl)cc1Br,ROFQXQOLLAPAOR-UHFFFAOYSA-N,20.0,20.0,EUR,27.0,5,Enamine,In stock,EN300-4266728,COc1cnc(Cl)cc1Br,0.98,2,2,"[30664, 32002]","[41369, 42665]",Buchwald-Hartwig_amination,[3628]
10557,Nc1cc(F)c(F)cc1N,PPWRHKISAQTCCG-UHFFFAOYSA-N,7.0,20.0,EUR,17.0,5,Enamine,In stock,EN300-27868,Nc1cc(F)c(F)cc1N,0.95,7,7,"[73570, 73837, 74151, 74340, 74564, 75752, 75867]","[86764, 87266, 87576, 87765, 87988, 88504, 89115]",Ester_amidation,[2924]
10253,Nc1cc(Cl)cc(Br)c1N,CHFHJBJOPRLHCG-UHFFFAOYSA-N,1.0,20.0,EUR,26.0,5,Enamine,In stock,EN300-187005,Nc1cc(Cl)cc(Br)c1N,0.95,1,1,[75635],[88452],Ester_amidation,[2924]
87314,CC(C)(C)OC(=O)C(=O)OC(C)(C)C,CIYGMWIAXRMHQS-UHFFFAOYSA-N,1.0,20.0,EUR,17.0,5,Enamine,In stock,EN300-194161,CC(C)(C)OC(=O)C(=O)OC(C)(C)C,0.95,1,1,[75635],[88452],Ester_amidation,[2924]
